,ga:pagepath,ga:pageviews,ga:uniquepageviews
0,/,988,843
1,/?fbclid=IwAR0wxSJtawVW9PY-smNYqy8w1_Or91-qRNMcCD_UfUA9yZbAVUBj4w8zbq4,1,1
2,/?fbclid=IwAR0xK1HCEiJtZ9lrXy5NFfydj3eJVJe6EQ79gToaMof55PKkwevc5cG-JbE,1,1
3,/?fbclid=IwAR1VsHt95LBaCYB1_m3KJXn_4cjh0_G0laJAy4up5r6mqb3P337sIG66z5o,1,1
4,/?fbclid=IwAR32WqWGYLy3fbrTK4D3y6T4-ryNK-kQPXx_UFlYpMgkHZCsUGUWBh7edA0,1,1
5,/?fbclid=IwAR3MqVm9Y3SMpViKSuxFjZO4y5IrRn5Yu6uVb03COk81f0Xgf1rwJlzK3Lg,1,1
6,/?mc_cid=8c8d406cde&mc_eid=2c8abd112d,1,1
7,/?mc_cid=8c8d406cde&mc_eid=6e7431b9b2,2,2
8,/?mc_cid=f3660dc56d&mc_eid=e2bd1a92e5,1,1
9,/?mc_cid=f3660dc56d&mc_eid=e8da7b1784,1,1
10,/403.html?page=/about/people/funders&from=https://software.ac.uk/about/people?_ga=2.93058589.105501846.1573117283-13469503.1571729364,1,1
11,/403.html?page=/about/people/mike-jackson&from=https://github.com/EPCCed/automated_testing,1,1
12,/403.html?page=/about/people/mike-jackson&from=https://www.software.ac.uk/blog/2016-09-26-automated-gui-testing-autohotkey,1,1
13,/403.html?page=/about/people/mike-jackson&from=https://www.software.ac.uk/blog/2017-11-23-executing-python-code-submitted-web-service,1,1
14,/403.html?page=/about/people/mike-jackson&from=https://www.software.ac.uk/blog/2018-04-04-software-carpentry-regenerative-medicine-cdt-university-manchester,1,1
15,/403.html?page=/about/people/partners&from=https://software.ac.uk/about/people?_ga=2.93058589.105501846.1573117283-13469503.1571729364,1,1
16,/403.html?page=/about/people/shoaib-sufi?_ga=2.202841170.2118651938.1574759543-1038643568.1574759543&from=,1,1
17,/403.html?page=/admin/content&from=https://software.ac.uk/blog/2019-11-13-glossary-terms-research-software-engineering,2,1
18,/403.html?page=/faq&from=,1,1
19,/403.html?page=/news/vacancy-research-software-engineer-imperial-college-london&from=https://t.co/CEiqcG7sBJ,1,1
20,/403.html?page=/news/vacancy-research-software-engineer-imperial-college-london&from=https://t.co/CEiqcG7sBJ?amp=1,6,4
21,/403.html?page=/robert-haines&from=http://www.walkingrandomly.com/?m=201609,1,1
22,/403.html?page=/what-do-we-know-about-rses-results-our-international-surveys?_ga=2.253687808.827850752.1552895086-2054884080.1509719786&from=,1,1
23,/403.html?page=/what-do-we-know-about-rses-results-our-international-surveys?_ga=2.253687808.827850752.1552895086-2054884080.1509719786&from=https://www.software.ac.uk/research-software-engineers,2,2
24,/403.html?page=/what-do-we-know-about-rses-results-our-international-surveys&from=,1,1
25,/403.html?page=/what-do-we-know-about-rses-results-our-international-surveys&from=https://github.com/softwaresaved/international-survey,1,1
26,/403.html?page=/what-do-we-know-about-rses-results-our-international-surveys&from=https://www.software.ac.uk/blog/2018-03-09-what-do-we-know-about-rses-results-our-international-surveys,1,1
27,/404.html?page=/>.&from=,1,1
28,/404.html?page=/$$$IWSX_INTERNAL_REQUEST$$$/command/ask_allow&from=https://software.ac.uk/sites/default/files/SSI-SoftwareEvaluationCriteria.pdf,1,1
29,/404.html?page=/admin&from=,1,1
30,/404.html?page=/blog/2018-05-25-archiving-code-and-software-shared-research-journal-author-and-reuser-perspectives&from=,1,1
31,/404.html?page=/blog/2018-11-28-making-software-first-class-citizen-researc&from=,1,1
32,/404.html?page=/blog/2019-03-19-were-hiring-research-software-community-offic?fbclid=IwAR1l2LJ50DcH2pRXgl4X4zVnATRPX4wkIiHNcDMY7peRdaNE3Vib7ylyIQ0&from=,1,1
33,/404.html?page=/blog/2019-04-05-digital-forensics-house-lords-six-themes-relevant-historians-part-one&from=,1,1
34,/404.html?page=/blog/MjAxNi0xMC&from=,1,1
35,/404.html?page=/blog/MjAxOC0wNC&from=,4,2
36,/404.html?page=/blog/www.jamovi.org&from=https://software.ac.uk/blog/2019-06-03-jamovi-community-driven-user-friendly-software-masses,1,1
37,/404.html?page=/blog/www.jamovi.org&from=https://www.software.ac.uk/blog/2019-06-03-jamovi-community-driven-user-friendly-software-masses,1,1
38,/404.html?page=/ccmcr20&from=,1,1
39,/404.html?page=/choosing-repository-your-software-project&kp=1&from=,4,4
40,/404.html?page=/cw20/events@oerc.ox.ac.uk&from=https://software.ac.uk/cw20/sponsorship,1,1
41,/404.html?page=/dphw&from=https://www.software.ac.uk/programmes-and-events/other-workshops,1,1
42,/404.html?page=/fellows/richard-adamsC:/Users/e804670/Documents/Custom Office Templates&from=,1,1
43,/404.html?page=/fellowship-programme/2020/cHJpdmFjeS&from=,1,1
44,/404.html?page=/home/cw11/Z2l2aW5nLW&from=,1,1
45,/404.html?page=/miw&kp=1&from=,2,2
46,/404.html?page=/resources/guides/adopting-open-source-licence)&from=,1,1
47,/404.html?page=/resources/useful-resources&from=https://www.software.ac.uk/blog/2016-10-07-finding-best-online-resources,1,1
48,/404.html?page=/resources/useful-resources&from=https://www.software.ac.uk/blog/2016-10-07-how-many-funding-aggregators-do-we-need,1,1
49,/404.html?page=/SITES/DEFAULT/FILES/SSI-SOFTWAREEVALUATIONCRITERIA.PDF&from=,3,1
50,"/404.html?page=/translate_c?depth=1&hl=eu&rurl=translate.google.com&sl=en&sp=nmt4&tl=eu&u=https://software.ac.uk/resources/guides/how-create-and-manage-sourceforge-projectsVesselFinder - Home | Facebook - Twitter Search&xid=17259,15700022,15700186,15700190,15700256,15700259,15700262,15700265,15700271,15700283&usg=ALkJrhj6h4fcHonI1TNuM1Yld3bfGoJ9Sw&from=",1,1
51,/404.html?page=/wosss19/edit&from=,1,1
52,/404.html?page=/www.carpentries.org&from=https://www.software.ac.uk/programmes-and-events/carpentry-programmes,2,2
53,/404.html?page=/www.claytonhotelbelfast.com&from=https://software.ac.uk/cw20/accommodation,4,1
54,/404.html?page=/www.futurelearn.com/courses/supercomputing&from=https://www.software.ac.uk/blog/2017-06-30-epcc-presents-its-first-supercomputing-mooc,1,1
55,/404.html?page=/www.software.ac.uk/subscribe&from=https://software.ac.uk/cw20,4,1
56,/404.html?page=/ZmVsbG93c2&from=,1,1
57,/about,200,157
58,/about/advisory-board,29,22
59,/about/brand-guidelines,13,12
60,/about/data-management-plan,13,12
61,/about/fellows,126,92
62,/about/fellows/adam-jackson,1,1
63,/about/fellows/adam-tomkins,1,1
64,/about/fellows/alejandra-gonzalez-beltran,2,2
65,/about/fellows/alexander-konovalov,1,1
66,/about/fellows/alexander-morley,1,1
67,/about/fellows/alexandra-simperler,1,1
68,/about/fellows/alice-harpole,2,2
69,/about/fellows/alys-brett,4,3
70,/about/fellows/andrew-stewart,5,5
71,/about/fellows/andy-south,1,1
72,/about/fellows/anna-krystalli,7,5
73,/about/fellows/becky-arnold,9,8
74,/about/fellows/benjamin-krikler,9,7
75,/about/fellows/boris-adryan,6,6
76,/about/fellows/brigitta-sipocz,10,7
77,/about/fellows/caroline-jay,3,3
78,/about/fellows/catherine-smith,4,4
79,/about/fellows/craig-maclachlan,4,3
80,/about/fellows/cyril-pernet,6,2
81,/about/fellows/daniel-hobley,3,3
82,/about/fellows/danny-wong,2,2
83,/about/fellows/david-perez-suarez,3,3
84,/about/fellows/derek-groen,1,1
85,/about/fellows/dominic-orchard,4,4
86,/about/fellows/edward-fisher,2,2
87,/about/fellows/edward-smith,1,1
88,/about/fellows/eilis-hannon,5,3
89,/about/fellows/farah-ahmed,5,4
90,/about/fellows/frances-cooper,8,6
91,/about/fellows/gary-leeming,5,5
92,/about/fellows/geraint-palmer,4,3
93,/about/fellows/gergana-daskalova,11,9
94,/about/fellows/hans-fangohr,2,2
95,/about/fellows/heather-ford,2,1
96,/about/fellows/heather-packer,2,2
97,/about/fellows/iza-romanowska,1,1
98,/about/fellows/james-harold-davenport,1,1
99,/about/fellows/james-hetherington,6,5
100,/about/fellows/jane-charlesworth,6,6
101,/about/fellows/jessica-ward,2,2
102,/about/fellows/joe-parker,1,1
103,/about/fellows/kathryn-rose,1,1
104,/about/fellows/krishna-kumar,1,1
105,/about/fellows/kristy-revell,2,2
106,/about/fellows/laura-james,8,6
107,/about/fellows/laura-moss,3,3
108,/about/fellows/laurent-gatto,2,2
109,/about/fellows/lawrence-hudson,1,1
110,/about/fellows/leandro-liborio,9,5
111,/about/fellows/liberty-foreman,2,2
112,/about/fellows/lucy-whalley,13,13
113,/about/fellows/malvika-sharan,11,11
114,/about/fellows/mark-basham,1,1
115,/about/fellows/matt-williams,10,8
116,/about/fellows/matthew-upson,4,2
117,/about/fellows/melodee-helene-beals,2,2
118,/about/fellows/melody-sandells,2,2
119,/about/fellows/michael-fischer,9,7
120,/about/fellows/mike-croucher,1,1
121,/about/fellows/mozhgan-kabiri-chimeh,3,3
122,/about/fellows/natalie-stanford,1,1
123,/about/fellows/nikoleta-glynatsi,2,2
124,/about/fellows/norman-morrison,2,2
125,/about/fellows/oliver-laslett,3,3
126,/about/fellows/patricia-herterich,4,4
127,/about/fellows/philip-fowler,1,1
128,/about/fellows/rachael-ainsworth,12,10
129,/about/fellows/rebecca-wilson,1,1
130,/about/fellows/reka-solymosi,2,2
131,/about/fellows/robert-haines,6,6
132,/about/fellows/robin-long,7,6
133,/about/fellows/russell-garwood,1,1
134,/about/fellows/sammie-buzzard,9,5
135,/about/fellows/sanjay-manohar,3,3
136,/about/fellows/simon-choppin,3,3
137,/about/fellows/sorrel-harriet,2,2
138,/about/fellows/stephen-eglen,2,2
139,/about/fellows/steve-harris,5,5
140,/about/fellows/stuart-grieve,1,1
141,/about/fellows/tania-allard,12,9
142,/about/fellows/thomas-etherington,1,1
143,/about/fellows/thomas-robitaille,1,1
144,/about/fellows/tom-crick,2,2
145,/about/fellows/tom-pollard,7,4
146,/about/fellows/vanesa-magar,1,1
147,/about/fellows/vincent-knight,3,3
148,/about/fellows/yo-yehudi,4,3
149,/about/funders,25,24
150,/about/get-involved,25,22
151,/about/how-cite-us,18,15
152,/about/manifesto,59,42
153,/about/partners,25,22
154,/about/people,12,6
155,/about/people/olivier-philippe,1,1
156,/about/staff,100,75
157,/about/staff/partners/ahrc,4,4
158,/about/staff/partners/australian-research-data-commons-ardc,1,1
159,/about/staff/partners/bbsrc,1,1
160,/about/staff/partners/ccfe,1,1
161,/about/staff/partners/ctsc,1,1
162,/about/staff/partners/daresbury-laboratory-stfc,1,1
163,/about/staff/partners/oxford-e-research-centre,1,1
164,/about/staff/partners/rutherford-appleton-laboratory,1,1
165,/about/staff/partners/sage-publications-ltd,1,1
166,/about/staff/partners/society-research-software-engineering,2,1
167,/about/staff/partners/stfc-scientific-computing-department-scd,1,1
168,/about/staff/partners/trusted-ci,1,1
169,/about/staff/person/aleksandra-nenadic,7,5
170,/about/staff/person/aleksandra-pawlik,2,2
171,/about/staff/person/alexander-hay,2,2
172,/about/staff/person/arno-proeme,3,3
173,/about/staff/person/arshad-khan,1,1
174,/about/staff/person/carole-goble,11,9
175,/about/staff/person/catherine-jones,2,2
176,/about/staff/person/claire-wyatt,4,4
177,/about/staff/person/clem-hadfield,1,1
178,/about/staff/person/david-snelling,10,8
179,/about/staff/person/douglas-walton,3,2
180,/about/staff/person/giacomo-peru,2,2
181,/about/staff/person/iain-emsley,2,2
182,/about/staff/person/iain-larmour,2,2
183,/about/staff/person/james-graham,2,2
184,/about/staff/person/john-robinson,9,9
185,/about/staff/person/kevin-ashley,1,1
186,/about/staff/person/les-carr,1,1
187,/about/staff/person/lorna-hughes,1,1
188,/about/staff/person/lucia-michielin,11,9
189,/about/staff/person/malcolm-atkinson,1,1
190,/about/staff/person/mario-antonioletti,2,2
191,/about/staff/person/mark-parsons,1,1
192,/about/staff/person/mark-plumbley,1,1
193,/about/staff/person/matthew-dovey,1,1
194,/about/staff/person/mike-chantler,1,1
195,/about/staff/person/mike-jackson,4,3
196,/about/staff/person/neil-chue-hong,37,33
197,/about/staff/person/neil-geddes,4,4
198,/about/staff/person/rachael-ainsworth,1,1
199,/about/staff/person/rob-baxter,1,1
200,/about/staff/person/sarah-king,1,1
201,/about/staff/person/sheila-anderson,3,2
202,/about/staff/person/shoaib-sufi,3,3
203,/about/staff/person/simon-hettrick,72,68
204,/about/staff/person/steve-crouch,20,19
205,/about/staff/person/tao-chang,1,1
206,/about/staff/person/tom-doyle,4,3
207,/about/staff/person/toni-collis,4,4
208,/achieving-unexpected-goals-ambitious-social-science-project,1,1
209,/adopting-open-source-licence,1,1
210,/advisory-board,3,2
211,/agents/agent-profiles,1,1
212,/american-geophysical-union-fall-meeting-2013-0,1,1
213,/author/aleksandra-nenadic,1,1
214,/author/aleksandra-pawlik,1,1
215,/author/alexander-hay,2,2
216,/author/alina-calin,1,1
217,/author/alun-ashton,1,1
218,/author/alys-brett,1,1
219,/author/amy-guy,4,1
220,/author/ana-todorovic,1,1
221,/author/anastasis-georgoulas,1,1
222,/author/angela-kedgley,1,1
223,/author/anna-leida-molder,2,2
224,/author/anna-lena-lamprecht,1,1
225,/author/anne-warme-lykke,1,1
226,/author/beatrice-demarchi,1,1
227,/author/berenice-batut,1,1
228,/author/boris-adryan,2,1
229,/author/callum-iddon,1,1
230,/author/carole-goble,2,2
231,/author/connie-clare,1,1
232,/author/danny-wong,1,1
233,/author/david-perez-suarez,1,1
234,/author/dean-goodman,1,1
235,/author/derek-groen,1,1
236,/author/diana-suleimenova,2,1
237,/author/dirk-gorissen,1,1
238,/author/dominic-orchard,1,1
239,/author/erin-becker,1,1
240,/author/eve-macharia,1,1
241,/author/francesca-de-angeli,1,1
242,/author/gary-leeming,1,1
243,/author/gillian-law,3,3
244,/author/heather-packer,1,1
245,/author/ian-gent,1,1
246,/author/jakob-kather,2,1
247,/author/jane-charlesworth,1,1
248,/author/jazib-askari,10,6
249,/author/jeremy-cohen,1,1
250,/author/jessica-ward,1,1
251,/author/john-robinson,3,3
252,/author/karen-anderson,1,1
253,/author/katayoun-farrahi,1,1
254,/author/kenji-takeda,1,1
255,/author/laura-james,1,1
256,/author/lucia-michielin,1,1
257,/author/malte-ressin,1,1
258,/author/malvika-sharan,2,1
259,/author/mark-woodbridge,3,3
260,/author/melody-sandells,1,1
261,/author/michael-fischer,1,1
262,/author/mike-jackson,4,2
263,/author/mike-jackson?page=0,1,1
264,/author/mike-jackson?page=1,2,1
265,/author/mike-jackson?page=2,2,1
266,/author/mike-jackson?page=3,2,1
267,/author/mike-jackson?page=4,2,1
268,/author/mike-jackson?page=5,1,1
269,/author/natalie-stanford,1,1
270,/author/neil-chue-hong,2,2
271,/author/neil-chue-hong?page=1,2,1
272,/author/nick-brown,4,3
273,/author/nikoleta-glynatsi,1,1
274,/author/patrick-dickinson,1,1
275,/author/patrick-mcsweeney,1,1
276,/author/philippe-aeberhard,4,3
277,/author/rachael-ainsworth,3,2
278,/author/rebecca-murphy,1,1
279,/author/robin-long,2,2
280,/author/sam-mangham,3,2
281,/author/sarah-al-assam,2,1
282,/author/sarah-alhozaimy,1,1
283,/author/sarbjit-bakhshi,1,1
284,/author/shoaib-sufi?page=4,2,1
285,/author/simon-choppin,2,1
286,/author/simon-hettrick,7,7
287,/author/sinan-shi,3,3
288,/author/stephan-janosch,1,1
289,/author/steve-crouch,5,1
290,/author/steve-crouch?page=1,3,1
291,/author/steve-crouch?page=2,1,1
292,/author/steve-harris,1,1
293,/author/stuart-dunn,1,1
294,/author/stuart-grieve,1,1
295,/author/tim-powell,1,1
296,/author/toby-hodges,2,2
297,/author/tom-pollard,1,1
298,/author/toni-collis,1,1
299,/author/vanessa-villamia-sochat,2,2
300,/author/vince-knight,1,1
301,/author/yalda-kolahdooz,1,1
302,/author/yo-yehudi,6,5
303,/best-practice-using-cloud-research,84,80
304,/beware-results-may-vary-workshop-openness-means-enhancing-research-quality,25,3
305,/blog,96,73
306,/blog?mc_cid=35e543e212&mc_eid=6118109bfb,1,1
307,/blog?mc_cid=35e543e212&mc_eid=bb454b6de9,1,1
308,/blog?page=1,7,6
309,/blog?page=2,3,3
310,/blog?page=3,3,2
311,/blog?page=39=&page=64,1,1
312,/blog?page=4,2,2
313,/blog?page=57,1,1
314,/blog?page=7,1,1
315,/blog?page=78,1,1
316,/blog?page=8,1,1
317,/blog?page=80,1,1
318,/blog?page=82,1,1
319,/blog?page=84,1,1
320,/blog?page=86,1,1
321,/blog?page=88,1,1
322,/blog?page=90,1,1
323,/blog?page=92,1,1
324,/blog?page=94,1,1
325,/blog?page=95,6,3
326,/blog/2013-04-22-dont-forget-people-fractured-training-landscape,2,2
327,/blog/2013-05-10-top-tips-editing-other-peoples-writing,17,17
328,/blog/2013-08-23-ten-reasons-be-research-software-engineer,35,34
329,/blog/2013-10-04-top-tips-software-data-visualisation,3,3
330,/blog/2014-10-22-ps840-million-uks-investment-software-reliant-research-2013,2,2
331,/blog/2014-12-04-its-impossible-conduct-research-without-software-say-7-out-10-uk-researchers,57,43
332,/blog/2015-08-07-new-network-support-research-software-groups-across-uk,1,1
333,/blog/2016-07-19-assessing-sustainability-research-data-spring-projects,1,1
334,/blog/2016-08-12-quick-and-dirty-analysis-software-being-used-research-python-matlab-and-r,7,6
335,/blog/2016-08-17-not-so-brief-history-research-software-engineers,3,3
336,/blog/2016-08-17-not-so-brief-history-research-software-engineers-0,18,17
337,/blog/2016-09-12-9-steps-quality-research-software,3,2
338,/blog/2016-09-12-9-steps-quality-research-software?bw=,1,1
339,/blog/2016-09-12-cloud-computing-proposals-wanted-internet-things-research,1,1
340,/blog/2016-09-12-collaborate-and-dont-die-trying,2,2
341,/blog/2016-09-12-complexities-making-software-sustainability-fit-purpose-ict4d,2,1
342,/blog/2016-09-12-considerations-choosing-collaborative-software-5-magic-number,4,4
343,/blog/2016-09-12-do-you-want-research-time-machine-apply-azure-research-award,1,1
344,/blog/2016-09-12-how-do-data-science-big-data-and-iot-easily-cloud-computing,1,1
345,/blog/2016-09-12-inevitable-abyss-find-mentors-who-will-help-you-get-out,1,1
346,/blog/2016-09-12-making-dead-trigonotarbid-walk,1,1
347,/blog/2016-09-12-open-source-tomography-training-kicks-bristol,1,1
348,/blog/2016-09-12-open-source-tomography-training-palaeontologists-cardiff-2015,1,1
349,/blog/2016-09-12-open-source-tomography-training-swansea-leicester-2016,2,2
350,/blog/2016-09-12-programming-language-evolution-and-sustainable-software,9,9
351,/blog/2016-09-12-pydata-london-2016,1,1
352,/blog/2016-09-12-reproducible-research-citing-your-execution-environment-using-docker-and-doi,5,5
353,/blog/2016-09-12-software-sustainability-remote-sensing,22,21
354,/blog/2016-09-12-tufte-and-art-and-science-effective-data-visualisation,4,3
355,/blog/2016-09-12-what-do-you-tell-your-phd-student-three-years-they-leave,3,3
356,/blog/2016-09-19-future-rses-looking-rosy-following-phenomenal-conference,1,1
357,/blog/2016-09-20-python-shakes-world-high-performance-computing-perspective-supercomputing-2015,8,8
358,/blog/2016-09-22-price-open-source-software-joint-response,1,1
359,/blog/2016-09-26-archaeology-open-source-software-its-getting-easier,17,15
360,/blog/2016-09-26-array-python-coders-aim-high-diamond-hackathon,1,1
361,/blog/2016-09-26-automated-gui-testing-autohotkey,71,62
362,/blog/2016-09-26-building-bridge-between-virtual-machine-and-outside-world,9,7
363,/blog/2016-09-26-currency-peer-review-pubcreds-and-academic-karma,1,1
364,/blog/2016-09-26-easynet-support-computational-modelling-cognitive-science,3,3
365,/blog/2016-09-26-eclipsecon-france-2015,1,1
366,/blog/2016-09-26-exergames-how-make-physiotherapy-fun,9,7
367,/blog/2016-09-26-feedback-oxford-software-carpentry,1,1
368,/blog/2016-09-26-first-science-paper-hackathon-how-did-it-go,3,3
369,/blog/2016-09-26-going-distance-natural-abundance,4,4
370,/blog/2016-09-26-hosting-software-carpentry-workshop-top-tips,4,3
371,/blog/2016-09-26-improved-code-archer-hits-target,6,5
372,/blog/2016-09-26-inspiring-confidence-computational-drug-discovery-automated-testing-protoms,1,1
373,/blog/2016-09-26-irreproducible-research-some-top-tips,1,1
374,/blog/2016-09-26-jupyter-notebook-workshop,4,4
375,/blog/2016-09-26-making-code-citable-zenodo-and-github,5,5
376,/blog/2016-09-26-my-software-carpentry-work-experience,9,7
377,/blog/2016-09-26-revealing-magic-field-theory-algebra,1,1
378,/blog/2016-09-26-scanning-peace-mind,1,1
379,/blog/2016-09-26-scientific-coding-and-software-engineering-whats-difference,102,97
380,/blog/2016-09-26-scientific-data-analysis-java-dawn,1,1
381,/blog/2016-09-26-software-sustainability-checklist-netherlands-escience-center,2,1
382,/blog/2016-09-26-something-everyone-resources-cw15-demo-sessions,1,1
383,/blog/2016-09-26-supercomputer-driving-tests,1,1
384,/blog/2016-09-26-ten-simple-rules-open-development-scientific-software,4,4
385,/blog/2016-09-26-top-five-donts-software-development,14,13
386,/blog/2016-09-26-top-tips-instructors-software-carpentry-workshop,2,2
387,/blog/2016-09-26-top-tips-lightning-talks,6,5
388,/blog/2016-09-26-top-tips-using-mercurial,17,15
389,/blog/2016-09-26-ultimate-brain-dump-unifying-neuroscience-software-development,1,1
390,/blog/2016-09-26-why-information-profession-needs-library-carpentry,2,1
391,/blog/2016-09-26-world-beneath-our-feet,4,2
392,/blog/2016-09-27-adopting-automated-testing,1,1
393,/blog/2016-09-27-building-firm-foundation-solid-mechanics-software,2,2
394,/blog/2016-09-27-making-biology-compute-cgat,2,2
395,/blog/2016-09-27-relearning-fortran-through-medium-star-wars,1,1
396,/blog/2016-09-28-20-line-script-saves-you-hours-mind-numbing-tedium,10,10
397,/blog/2016-09-28-going-viral-social-media-networks-intercepted-misinformation,2,2
398,/blog/2016-09-28-going-viral-social-media-networks-intercepted-misinformation?mpw=,1,1
399,/blog/2016-09-28-good-time-how-imprompdo-can-tell-when-youre-busy,2,2
400,/blog/2016-09-28-look-fortran-unit-test-frameworks,69,63
401,/blog/2016-09-28-map-many-views-what-google-earth-and-1500-ad-chart-venice-have-common,22,20
402,/blog/2016-09-28-online-psychological-therapy-bipolar-disorder,1,1
403,/blog/2016-09-28-open-source-stop-complaining-about-free-software,1,1
404,/blog/2016-09-28-running-unconference-top-tips,1,1
405,/blog/2016-09-30-3d-archaeology-now-low-cost-high-volume-and-crowd-sourced,8,6
406,/blog/2016-09-30-ask-steve-c-or-not-c-which-programming-language-should-i-use,1,1
407,/blog/2016-09-30-ask-steve-unit-test-framework-matlab,4,4
408,/blog/2016-09-30-automatic-performance-tuning-and-reproducibility-side-effect,2,2
409,/blog/2016-09-30-curved-display-technologies-public-spaces,3,3
410,/blog/2016-09-30-google-glass-operating-theatre,1,1
411,/blog/2016-09-30-google-maps-18th-century-london,11,10
412,/blog/2016-09-30-heroes-software-engineering-miron-livny-and-htcondor,2,2
413,/blog/2016-09-30-i-dont-fix-printers-or-do-it-support-im-research-software-engineer,8,8
414,/blog/2016-09-30-id-never-been-programming-conference-i-wish-i-hadnt,1,1
415,/blog/2016-09-30-learning-surgery-afar,1,1
416,/blog/2016-09-30-oh-research-software-how-shalt-i-cite-thee,10,9
417,/blog/2016-09-30-smart-glasses-new-vision-visually-impaired,4,4
418,/blog/2016-09-30-sprint-new-materials-software-carpentry,1,1
419,/blog/2016-09-30-venerable-beads-tracing-origins-ancient-jewellery,4,2
420,/blog/2016-10-03-changing-software-nightmare-tracking-scientific-data,2,2
421,/blog/2016-10-03-continuous-integration-gets-new-butler,1,1
422,/blog/2016-10-03-encouraging-women-software-bcswomen-lovelace-colloquium,2,1
423,/blog/2016-10-03-endless-possibilities-computer-science-women-software,1,1
424,/blog/2016-10-03-five-reasons-choose-r-your-computing-needs,1,1
425,/blog/2016-10-03-five-top-tips-promoting-your-software,19,19
426,/blog/2016-10-03-geeks-who-love-nhs-nhs-hack-days,1,1
427,/blog/2016-10-03-heroes-software-engineering-david-howarth-atlas-supervised,7,4
428,/blog/2016-10-03-how-photo-playboy-became-part-scientific-culture,12,11
429,/blog/2016-10-03-hpc-enters-solid-new-discipline-parafem,1,1
430,/blog/2016-10-03-i-am-used-being-male-dominated-classroom-experiences-level-computing-student,1,1
431,/blog/2016-10-03-keep-date-software-sustainability-institute,1,1
432,/blog/2016-10-03-life-after-nescforge-surviving-repository-closure,1,1
433,/blog/2016-10-03-marrying-prince2-agile-development,17,16
434,/blog/2016-10-03-open-source-licences-beginner-explores,1,1
435,/blog/2016-10-03-publishing-open-source-software-impact-biojs-collection,1,1
436,/blog/2016-10-03-thinking-about-migrating-different-repository,4,4
437,/blog/2016-10-03-top-tips-writing-press-release,1,1
438,/blog/2016-10-03-why-reproducibility-important,5,5
439,/blog/2016-10-04-synote-web-based-tool-synchronised-multimedia-annotations-innovative-way-teach-and,4,3
440,/blog/2016-10-05-introducing-digital-classics,1,1
441,/blog/2016-10-05-recomputation-manifesto,3,3
442,/blog/2016-10-05-windows-azure-research-training-perspective,1,1
443,/blog/2016-10-06-ancient-greeks-knew-thing-or-two-about-software-problems,5,5
444,/blog/2016-10-06-announcing-journal-open-research-software-software-metajournal,3,3
445,/blog/2016-10-06-art-software-recycling,4,3
446,/blog/2016-10-06-big-data-brain-drain-why-science-trouble,1,1
447,/blog/2016-10-06-building-good-working-relationship-top-tips,2,2
448,/blog/2016-10-06-chemistry-experiments-computer-instead-bench-top,3,3
449,/blog/2016-10-06-coder-programmer-or-software-developer-spot-difference,6,6
450,/blog/2016-10-06-commercialising-your-software,4,4
451,/blog/2016-10-06-defence-digital-humanities,2,2
452,/blog/2016-10-06-digital-revolution-palaeontology,1,1
453,/blog/2016-10-06-dirac-driving-test-comes-edinburgh,1,1
454,/blog/2016-10-06-dirac-driving-test-ready-roll,2,1
455,/blog/2016-10-06-dont-fear-reaper-dealing-bus-factor,2,2
456,/blog/2016-10-06-encouraging-citation-software-introducing-citation-files,11,11
457,/blog/2016-10-06-five-top-tips-developing-android-apps,3,3
458,/blog/2016-10-06-five-tops-tips-documentation,2,2
459,/blog/2016-10-06-haters-gonna-hate-why-you-shouldnt-be-ashamed-releasing-your-code,1,1
460,/blog/2016-10-06-heroes-software-engineering-drew-houston-arash-ferdowsi-and-dropbox-engineering,1,1
461,/blog/2016-10-06-how-do-we-know-research-software-correct,2,2
462,/blog/2016-10-06-infrastructure-project-proposals-our-top-tips,6,6
463,/blog/2016-10-06-introducing-software-engineering-support-centre,4,4
464,/blog/2016-10-06-madagascar-open-source-geophysics-and-not-lemur-sight,3,2
465,/blog/2016-10-06-mashups-and-hackathons-museums-libraries-and-archives-professionals,1,1
466,/blog/2016-10-06-now-its-our-turn-software-carpentry-newcastle,1,1
467,/blog/2016-10-06-open-science-reproducibility-biosciences-ismb-bosc-2013,1,1
468,/blog/2016-10-06-publish-or-be-damned-alternative-impact-manifesto-research-software,2,2
469,/blog/2016-10-06-rtfm-four-letter-word,4,4
470,/blog/2016-10-06-scaling-biofuels-research,1,1
471,/blog/2016-10-06-simulating-wave-turbulence-and-suspended-particle-transport,1,1
472,/blog/2016-10-06-six-things-funders-can-do-maximise-return-investment-software-development,1,1
473,/blog/2016-10-06-software-carpentry-southampton,1,1
474,/blog/2016-10-06-sword-software-ontology-research-description,3,3
475,/blog/2016-10-06-systems-biology-hyperbole-and-hypotheses,4,2
476,/blog/2016-10-06-tips-sustainable-software-development-supercomputers,1,1
477,/blog/2016-10-06-top-five-tips-releasing-software,3,3
478,/blog/2016-10-06-top-tips-agile-software-development,7,7
479,/blog/2016-10-06-top-tips-choosing-computing-infrastructure,7,6
480,/blog/2016-10-06-top-tips-packaging-software,2,2
481,/blog/2016-10-06-top-tips-porting-application-computing-infrastructure,4,4
482,/blog/2016-10-06-top-tips-using-open-source-repository,1,1
483,/blog/2016-10-06-top-tips-version-control,2,1
484,/blog/2016-10-06-top-tips-working-technical-writer,6,6
485,/blog/2016-10-06-using-make-reproducible-scientific-analyses,7,6
486,/blog/2016-10-06-what-do-we-want-fewer-abbreviations-when-do-we-want-them-asap,1,1
487,/blog/2016-10-06-what-infrastructure-do-you-need-start-developing-research-software-our-top-tips,2,2
488,/blog/2016-10-06-what-makes-good-code-good,6,6
489,/blog/2016-10-06-what-makes-good-code-good-intecol13,2,2
490,/blog/2016-10-06-whats-wrong-computer-scientists,25,23
491,/blog/2016-10-06-why-are-so-many-biologists-scared-programming,1,1
492,/blog/2016-10-06-why-isnt-there-more-open-source-research,2,2
493,/blog/2016-10-06-work-scientific-software-engineers-recognised-academia,15,14
494,/blog/2016-10-06-wtfsmin-indicator-code-quality,21,19
495,/blog/2016-10-07-architect-and-scholar,1,1
496,/blog/2016-10-07-choose-your-own-adventure,12,10
497,/blog/2016-10-07-complex-objects-are-here-stay,1,1
498,/blog/2016-10-07-craftsperson-and-scholar,12,9
499,/blog/2016-10-07-crowd-sourced-computer-networks,1,1
500,/blog/2016-10-07-developing-dynamic-biomedical-research-support-systems-need-domain-expertise,2,1
501,/blog/2016-10-07-evaluating-software-behind-some-worlds-large-experimental-facilities,1,1
502,/blog/2016-10-07-finding-best-online-resources,2,1
503,/blog/2016-10-07-five-stars-research-software,5,3
504,/blog/2016-10-07-five-tips-healthcare-app-development,1,1
505,/blog/2016-10-07-future-semantic-web-cultural-heritage-and-privacy,1,1
506,/blog/2016-10-07-getting-started-android,2,2
507,/blog/2016-10-07-healthcare-professionals-key-element-sustainable-app-development,2,2
508,/blog/2016-10-07-heroes-software-engineering-brian-kernighan-man-who-put-k,1,1
509,/blog/2016-10-07-heroes-software-engineering-welsh-and-quinn,4,4
510,/blog/2016-10-07-how-cite-and-describe-software-you-used-your-research-top-ten-tips,4,3
511,/blog/2016-10-07-how-easy-it-teach-software-skills,8,8
512,/blog/2016-10-07-how-encourage-developers-share-code,15,13
513,/blog/2016-10-07-how-many-funding-aggregators-do-we-need,4,4
514,/blog/2016-10-07-how-measuring-impact-workshops-miw-meeting-unfolded,6,6
515,/blog/2016-10-07-open-street-map-and-participatory-mapping,2,2
516,/blog/2016-10-07-r-or-not-r-royal-statistical-society,2,2
517,/blog/2016-10-07-space-software-nasas-final-frontier,3,1
518,/blog/2016-10-07-successful-github-development,2,1
519,/blog/2016-10-07-ten-hints-testing-eclipse-plug-ins,1,1
520,/blog/2016-10-07-top-ten-reasons-not-share-your-code-and-why-you-should-anyway,54,53
521,/blog/2016-10-07-we-evaluate-suregen-online-regeneration-toolkit,2,1
522,/blog/2016-10-07-what-makes-good-code-good-digital-social-research-view,34,32
523,/blog/2016-10-11-provenance-tool-suite-tracking-data-its-origins,9,6
524,/blog/2016-10-12-dark-arts-particle-physics-software,13,13
525,/blog/2016-10-12-how-rebuild-dinosaur,6,6
526,/blog/2016-10-12-march-titans-generating-dinosaur-locomotion-virtual-robotics,10,6
527,/blog/2016-10-12-taking-peek-eye-disease,5,5
528,/blog/2016-10-20-open-data-science-conference-uk-2016,2,2
529,/blog/2016-11-11-appveyor-travis-ci-windows,3,3
530,/blog/2016-11-17-game-developer-walk-confidence,1,1
531,/blog/2016-11-17-openms-mass-spectra-knowledge,5,5
532,/blog/2016-11-23-fly-coding-android-app-drone-and-kite-based-sensing,3,3
533,/blog/2016-11-23-photpipe-software-solutions-distributed-batch-processing-data-gaia-satellite,2,2
534,/blog/2016-11-23-pycon-namibia-step-towards-better-software-and-better-research-africa,1,1
535,/blog/2016-11-23-steps-start-liberating-your-science,1,1
536,/blog/2016-11-23-top-tips-creating-web-services,14,14
537,/blog/2016-11-25-cw17-research-software-event-2017,1,1
538,/blog/2016-12-07-top-tips-software-developers-working-researchers,4,4
539,/blog/2017-01-18-desert-island-hard-disks-mark-plumbley,1,1
540,/blog/2017-01-20-desert-island-hard-disks-liz-allen,1,1
541,/blog/2017-02-07-computational-mathematics-jupyter,15,12
542,/blog/2017-02-20-software-reproducibility-possible-and-practical,18,16
543,/blog/2017-02-20-top-tips-software-development-hand-overs,1,1
544,/blog/2017-03-03-collaborations-workshop-2017-keynote-speakers-panels-freebies-and-even-more-reasons,1,1
545,/blog/2017-03-14-encouraging-open-publication-software-code-learning-open-data-institute-certificate,1,1
546,/blog/2017-03-23-practice-reproducible-research,2,2
547,/blog/2017-03-27-easy-statistics-and-bad-science,4,4
548,/blog/2017-03-30-how-not-cite-software-and-how-be-cited,18,16
549,/blog/2017-04-07-impact-software-decision-making-oncology,1,1
550,/blog/2017-04-10-state-nation-report-research-software-engineers-released,2,2
551,/blog/2017-04-13-teaching-programming-outside-computer-science-departments,1,1
552,/blog/2017-04-14-texgen-open-source-software-realistic-geometric-representation-textiles,21,20
553,/blog/2017-04-18-pycon-namibia-2017,2,2
554,/blog/2017-04-19-software-sustainability-institute-collaborations-workshop-2017,1,1
555,/blog/2017-04-21-how-get-university-support-your-rse-fellowship-application,3,3
556,/blog/2017-04-27-barista-mindset-how-treat-coding-craft,1,1
557,/blog/2017-05-02-software-and-firmware-parameterisation-basic-requirement-modular-long-term-usage,6,6
558,/blog/2017-05-09-software-metrics-why-and-how,14,13
559,/blog/2017-05-11-constructive-code-critique,20,18
560,/blog/2017-05-11-decisions-decisions-decisions-things-be-aware-when-choosing-your-research-software,1,1
561,/blog/2017-05-18-rethinking-career-paths-across-academia,2,2
562,/blog/2017-05-22-best-practices-sustainable-software-architectures,23,23
563,/blog/2017-05-23-containers-hpc,2,2
564,/blog/2017-05-24-making-data-open-resources-gaps-and-incentives,2,2
565,/blog/2017-05-25-why-do-engineers-write-bad-software,2,2
566,/blog/2017-05-26-using-solr-searching-research-data-early-arabic-poems,4,4
567,/blog/2017-05-29-privacy-and-trust-issues-iot-and-open-data,4,3
568,/blog/2017-05-30-can-you-trust-seductive-data,2,1
569,/blog/2017-05-31-research-it-enterprise-it,1,1
570,/blog/2017-06-07-data-science-docs,2,2
571,/blog/2017-06-08-best-coding-practices-neuroscience,12,11
572,/blog/2017-06-09-measuring-behavior-2018-methods-and-techniques-measuring-human-and-animal-behaviour,4,4
573,/blog/2017-06-12-good-coding-practice-language-agnostic-theoretical-approach,11,11
574,/blog/2017-06-14-workflow-systems-science-programming-large,1,1
575,/blog/2017-06-28-grand-challenges-teaching-coding-humanities-students,5,4
576,/blog/2017-06-30-epcc-presents-its-first-supercomputing-mooc,2,1
577,/blog/2017-07-19-makeing-your-dependencies-explicit,6,5
578,/blog/2017-07-25-speeding-python-cython-some-thoughts-python-programmers,6,6
579,/blog/2017-07-31-docker-workshop-2017,12,6
580,/blog/2017-08-02-coding-retreat-30th-june-university-exeter,2,2
581,/blog/2017-08-08-whatever-weather-story-behind-monc,4,4
582,/blog/2017-08-09-landscape-archaeology-and-reproducible-research-2017-berlin-summer-school,1,1
583,/blog/2017-08-11-computational-neuroscience-meeting-2017,5,4
584,/blog/2017-08-15-obstacles-learning-programming-perspective-non-programming-geographers,3,3
585,/blog/2017-09-05-python-astronomy-2017,2,2
586,/blog/2017-09-06-journey-reproducibility-excel-pandas,14,11
587,/blog/2017-09-07-applications-rse-cloud-computing-awards-microsoft-now-open,1,1
588,/blog/2017-09-12-how-write-code-scientist,34,29
589,/blog/2017-09-13-human-computing-future-research-software-engineering,1,1
590,/blog/2017-10-05-reproducible-environments-nix,37,35
591,/blog/2017-10-06-fellowship-programme-2018-applications-closing-soon,1,1
592,/blog/2017-10-12-data-carpentry-humanities,7,4
593,/blog/2017-10-16-guadec-2017,1,1
594,/blog/2017-11-02-migrating-excel-python-and-mongodb-lux-zeplin,23,23
595,/blog/2017-11-09-hacking-future-software-citation,1,1
596,/blog/2017-11-21-insights-university-exeter-software-carpentry-workshop,1,1
597,/blog/2017-11-22-fellowship-programme-2018-selection-day,1,1
598,/blog/2017-11-23-executing-python-code-submitted-web-service,241,216
599,/blog/2017-11-27-short-review-four-python-web-frameworks,51,46
600,/blog/2017-11-28-reproducibility-discrete-event-simulation,2,2
601,/blog/2017-11-29-best-practices-scientific-software,9,8
602,/blog/2017-12-04-research-software-project-manager,13,13
603,/blog/2017-12-05-looking-software-use-research,58,56
604,/blog/2017-12-06-towards-reproducibility-research-software,8,8
605,/blog/2017-12-07-overcoming-barriers-adopting-software-best-practices-research,9,9
606,/blog/2017-12-11-why-research-software-engineers-should-have-permanent-contracts,2,2
607,/blog/2017-12-12-standard-format-citation-files,29,27
608,/blog/2017-12-13-encouraging-good-software-development-practice-research-teams,3,3
609,/blog/2017-12-14-overcoming-entry-barriers-motivate-better-practice-research-software-engineering,2,2
610,/blog/2018-01-11-rse-2017-conference,2,2
611,/blog/2018-01-16-future-computational-science,4,4
612,/blog/2018-01-22-rse-fellowship-plans-jeremy-cohen-imperial-college-london,2,2
613,/blog/2018-01-24-rse-fellowship-plans-joanna-leng-university-leeds,1,1
614,/blog/2018-01-25-rse-fellowship-plans-leila-muresan-university-cambridge,5,4
615,/blog/2018-01-26-announcing-first-batch-collaborations-workshop-2018-mini-workshops,1,1
616,/blog/2018-01-30-life-sciences-data-needs-be-fair,1,1
617,/blog/2018-02-02-developing-database-handle-dark-matter-experiment-data,3,3
618,/blog/2018-02-07-what-are-software-oriented-career-paths-research,1,1
619,/blog/2018-02-08-how-do-we-help-adapt-software-best-practices-make-them-more-applicable-domain,1,1
620,/blog/2018-02-09-bridging-gap-convincing-researchers-different-backgrounds-adopt-good-enough,2,2
621,/blog/2018-02-15-cloud-first-simple-automated-testing-using-drone,9,8
622,/blog/2018-02-16-collaborations-workshop-discussion-session-and-collaborative-ideas-explained,7,7
623,/blog/2018-02-21-cw17-my-experience,2,2
624,/blog/2018-03-09-what-do-we-know-about-rses-results-our-international-surveys,1,1
625,/blog/2018-03-12-what-do-we-know-about-rses-results-our-international-surveys,7,6
626,/blog/2018-04-04-software-carpentry-regenerative-medicine-cdt-university-manchester,1,1
627,/blog/2018-04-05-research-software-engineers-and-data-scientists-more-common,1,1
628,/blog/2018-04-05-so-you-want-start-data-science-institute-achieving-sustainability,4,4
629,/blog/2018-04-06-what-reproducible-research-oxford,1,1
630,/blog/2018-04-11-secret-behind-growth-rse-groups-uk,3,3
631,/blog/2018-04-13-sharing-data-code-reproducible-neuroimaging,1,1
632,/blog/2018-04-27-brexit-data-challenge-event,1,1
633,/blog/2018-05-01-some-takeaways-git-merge-2018,4,4
634,/blog/2018-05-02-computational-physics-group-cpg-institute-physics-iop,6,5
635,/blog/2018-05-10-building-communities-support-research-software-engineering-blog-series-23,4,3
636,/blog/2018-05-18-code-review-academia,7,7
637,/blog/2018-05-21-why-government-needs-sustainable-software-too,9,8
638,/blog/2018-05-23-establishing-rse-groups-different-levels,1,1
639,/blog/2018-05-24-five-failed-tests-scientific-software,8,6
640,/blog/2018-05-25-archiving-code-and-software-shared-research-journal-author-and-re-user-perspectives,3,3
641,/blog/2018-05-28-software-deposit-and-preservation-policy-and-planning-workshop-report,1,1
642,/blog/2018-06-08-towards-cultural-change-data-management-data-stewardship-practice,1,1
643,/blog/2018-06-21-brexit-data-challenge-part-2-presentation-gisruk,1,1
644,/blog/2018-06-28-cloud-first-rapid-webapp-deployment-using-containers,2,2
645,/blog/2018-07-12-workshop-report-software-reproducibility-how-put-it-practice,2,2
646,/blog/2018-07-13-javacard-execution-environment-you-didnt-know-you-were-using,61,60
647,/blog/2018-07-24-software-deposit-and-preservation-workshop,1,1
648,/blog/2018-08-08-lessons-workshop-debugging-numerical-software,2,2
649,/blog/2018-08-23-unexpected-changes-storage-local-variables-when-compiling-fortran-openmp,10,9
650,/blog/2018-09-12-code-science-gccbosc,1,1
651,/blog/2018-09-13-pickcells-and-exploratory-image-analysis-cell-biology,2,2
652,/blog/2018-09-18-my-experience-jupytercon-2018,4,3
653,/blog/2018-09-20-bug-hunting-seg-fault-lattice-disorder-monte-carlo-code-written-c-wr,2,2
654,/blog/2018-09-27-rse18-times,1,1
655,/blog/2018-10-10-operational-research-lancaster,1,1
656,/blog/2018-10-11-sharing-code-whats-point,7,7
657,/blog/2018-10-15-contribute-sage-research-tools-directory,1,1
658,/blog/2018-10-17-coding-club-peer-learning-programming-statistics-and-data-science,10,10
659,/blog/2018-10-18-vision-and-plans-curriculum-development-carpentries,1,1
660,/blog/2018-10-26-interoperability-and-its-importance-research-software,10,10
661,/blog/2018-11-19-bash-scripting-workshop,1,1
662,/blog/2018-11-21-westminster-higher-education-forum-keynote-seminar-protecting-research-integrity,1,1
663,/blog/2018-11-26-credit-and-recognition-research-software-current-state-practice-and-outlook,2,2
664,/blog/2018-11-27-how-do-we-evaluate-research-software-meet-different-requirements,7,7
665,/blog/2018-11-28-making-software-first-class-citizen-research,13,11
666,/blog/2018-11-29-abandon-hope-we-are-archiving-things-we-cant-use-considerations-documenting-complex,7,4
667,/blog/2018-11-30-training-and-collaboration,1,1
668,/blog/2018-12-04-sustainable-domain-specific-training,5,5
669,/blog/2018-12-05-using-agile-methods-scientific-software-development,28,26
670,/blog/2018-12-07-applications-software-sustainability-institute-fellowship-programme-2019-are-now,6,6
671,/blog/2018-12-11-checklist-software-management-plan-10-released,2,2
672,/blog/2018-12-13-some-software-should-be-sustained-and-some-shouldnt-how-can-we-choose-what-cost,4,3
673,/blog/2018-12-13-tech-writing-101-collaborations-workshop-2019,1,1
674,/blog/2018-12-17-how-make-great-screencast-application-fellowship-programme-2019,3,3
675,/blog/2018-12-17-research-software-directory-and-how-it-promotes-software-citation-improve,3,2
676,/blog/2018-12-19-life-after-my-fellowship,2,1
677,/blog/2019-01-08-how-contribute-open-source-software,1,1
678,/blog/2019-01-11-three-reasons-software-sustainability-institute-fellowship-can-supercharge-your,6,5
679,/blog/2019-01-17-highlights-fellowship-programme-2019-launch-webinar,1,1
680,/blog/2019-01-22-sustain-summit-2018,1,1
681,/blog/2019-01-23-northwest-universities-r-day-event,1,1
682,/blog/2019-01-28-building-new-communities-fellow,2,2
683,/blog/2019-02-05-cessda-expert-seminar-2018-balancing-theory-practice,1,1
684,/blog/2019-02-08-friction-reducers-and-collaborations-workshop-2019-hackday,1,1
685,/blog/2019-02-12-seeking-input-challenges-sustainability-open-source-research-data-tools,1,1
686,/blog/2019-02-14-web-standards-describing-datasets-and-profiles,1,1
687,/blog/2019-02-15-rse-survey-2018-results,5,4
688,/blog/2019-02-26-software-sustainability-institute-improve-research-software-practices-ps65-million,3,2
689,/blog/2019-03-01-join-us-carpentryconnect-manchester-2019,1,1
690,/blog/2019-03-05-turing-way-open-source-resource-promoting-best-practice-reproducible-research,11,10
691,/blog/2019-03-08-making-most-collaborations-workshop-2019,2,2
692,/blog/2019-03-11-christopher-woods-how-design-and-engineer-good-code-research,1,1
693,/blog/2019-03-15-nurturing-communities-practice-collaborations-workshop-2019,1,1
694,/blog/2019-03-18-data-science-experimental-design-loopy-stuff,3,3
695,/blog/2019-03-19-were-hiring-research-software-community-officermanager,3,3
696,/blog/2019-03-29-digital-forensics-house-lords-six-themes-relevant-historians-part-one,5,5
697,/blog/2019-04-04-interoperability-and-fair-principles-discussion,7,5
698,/blog/2019-04-05-digital-forensics-house-lords-six-themes-relevant-historians-part-two,3,1
699,/blog/2019-04-08-dockter-container-image-builder-researchers,2,2
700,/blog/2019-04-11-highlights-collaborations-workshop-2019,7,6
701,/blog/2019-04-17-10-things-i-didnt-do-my-first-unconference,3,3
702,/blog/2019-04-24-can-we-increase-our-impact-reducing-it-thoughts-environmental-sustainability,2,2
703,/blog/2019-05-06-introducing-pydbgen-random-dataframedatabase-table-generator,6,6
704,/blog/2019-05-16-what-can-research-software-learn-human-centred-design,1,1
705,/blog/2019-05-17-familiar-faces-videos-better-and-sustainable-research-software-collaborations,4,4
706,/blog/2019-06-03-jamovi-community-driven-user-friendly-software-masses,35,30
707,/blog/2019-06-04-fellows-inaugural-meeting-2019,1,1
708,/blog/2019-06-18-research-software-communities-organising-events-help-develop-and-grow-your,3,2
709,/blog/2019-06-19-reproducibly-producing-data-workflows-pipelines-and-coupled-models,3,3
710,/blog/2019-06-21-what-are-best-practices-research-software-documentation,6,6
711,/blog/2019-06-28-best-practices-creating-training-materials,6,2
712,/blog/2019-07-01-reproducibility-and-collaboration-challenges-interactiveexploratory-research,5,4
713,/blog/2019-07-02-software-metadata-creation-and-curation,6,4
714,/blog/2019-07-03-how-do-you-motivate-researchers-adopt-better-software-practices,2,2
715,/blog/2019-07-04-what-does-training-software-sustainability-look,9,7
716,/blog/2019-07-05-organising-workshop-european-geosciences-union-egu-general-assembly,1,1
717,/blog/2019-07-08-challenges-running-workshop-major-conference-egu-general-assembly,1,1
718,/blog/2019-07-24-riboviz-understanding-protein-synthesis-analysis-ribosome-profiling-data,4,3
719,/blog/2019-07-26-strengthening-library-carpentry-community,15,5
720,/blog/2019-08-07-reprohacking-carpentryconnect-manchester-2019,31,29
721,/blog/2019-08-08-carve-your-niche-carpentries,2,2
722,/blog/2019-08-09-life-rse-terrible-career-choice,3,3
723,/blog/2019-08-14-18th-international-conference-social-dilemmas,5,5
724,/blog/2019-08-22-dhtech-bridge-between-communities,2,2
725,/blog/2019-08-29-introducing-binder-fully-reproducible-research-society-improvement-psychological,1,1
726,/blog/2019-09-02-how-be-pessimistic-organiser-successful-events,2,1
727,/blog/2019-09-06-metrics-theyre-dull-flawed-and-vital,1,1
728,/blog/2019-09-10-digital-humanities-curriculum-development-carpentryconnect-manchester,1,1
729,/blog/2019-09-12-carpentries-instructor-training-autumn-2019,4,4
730,/blog/2019-09-12-making-open-source-research-software-visible-path-better-sustainability,6,6
731,/blog/2019-09-16-take-advantage-our-free-research-software-health-checks,38,36
732,/blog/2019-09-16-take-advantage-our-free-research-software-health-checks?mc_cid=20991c4a75&mc_eid=84bdc249f1,1,1
733,/blog/2019-09-17-machine-learning-carpentry-carpentry-connect-manchester-2019,1,1
734,/blog/2019-09-17-machine-learning-carpentry-carpentry-connect-manchester-2019?mc_cid=20991c4a75&mc_eid=84bdc249f1,1,1
735,/blog/2019-09-18-stop-collaborate-and-listen-gender-equality-social-data-science,1,1
736,/blog/2019-09-24-thoughts-rse-conference-birmingham-2019,3,3
737,/blog/2019-09-30-teaching-software-carpentry-university-botswana,1,1
738,/blog/2019-10-15-what-do-you-want-know-about-research-software,4,4
739,/blog/2019-10-16-current-fellows-experience-ssi-fellowship-scheme,8,8
740,/blog/2019-10-17-request-comments-raising-profile-research-software,10,9
741,/blog/2019-10-18-elife-innovation-sprint-2019-accelerating-innovation-through-open-collaboration,4,4
742,/blog/2019-10-21-whatsapp-scraping,7,7
743,/blog/2019-10-31-bloodsuckers-banshees-and-brains-bestiary-scary-software-projects-and-how-banish,47,45
744,/blog/2019-10-31-bloodsuckers-banshees-and-brains-bestiary-scary-software-projects-and-how-banish?mc_cid=ee15a7a669&mc_eid=0b14d25bc8,1,1
745,/blog/2019-10-31-bloodsuckers-banshees-and-brains-bestiary-scary-software-projects-and-how-banish?mc_cid=ee15a7a669&mc_eid=0b3655480f,1,1
746,/blog/2019-10-31-bloodsuckers-banshees-and-brains-bestiary-scary-software-projects-and-how-banish?mc_cid=ee15a7a669&mc_eid=409a6187f7,1,1
747,/blog/2019-10-31-bloodsuckers-banshees-and-brains-bestiary-scary-software-projects-and-how-banish?mc_cid=ee15a7a669&mc_eid=5330ffaaf2,2,2
748,/blog/2019-10-31-bloodsuckers-banshees-and-brains-bestiary-scary-software-projects-and-how-banish?mc_cid=ee15a7a669&mc_eid=55ef2ae053,4,4
749,/blog/2019-10-31-bloodsuckers-banshees-and-brains-bestiary-scary-software-projects-and-how-banish?mc_cid=ee15a7a669&mc_eid=5633d39fb7,1,1
750,/blog/2019-10-31-bloodsuckers-banshees-and-brains-bestiary-scary-software-projects-and-how-banish?mc_cid=ee15a7a669&mc_eid=7cac2f23d0,1,1
751,/blog/2019-10-31-bloodsuckers-banshees-and-brains-bestiary-scary-software-projects-and-how-banish?mc_cid=ee15a7a669&mc_eid=802b88e943,2,2
752,/blog/2019-10-31-bloodsuckers-banshees-and-brains-bestiary-scary-software-projects-and-how-banish?mc_cid=ee15a7a669&mc_eid=8aaaf695cc,1,1
753,/blog/2019-10-31-bloodsuckers-banshees-and-brains-bestiary-scary-software-projects-and-how-banish?mc_cid=ee15a7a669&mc_eid=8abaeef375,1,1
754,/blog/2019-10-31-bloodsuckers-banshees-and-brains-bestiary-scary-software-projects-and-how-banish?mc_cid=ee15a7a669&mc_eid=960523042e,1,1
755,/blog/2019-10-31-bloodsuckers-banshees-and-brains-bestiary-scary-software-projects-and-how-banish?mc_cid=ee15a7a669&mc_eid=9e9340187c,2,2
756,/blog/2019-10-31-bloodsuckers-banshees-and-brains-bestiary-scary-software-projects-and-how-banish?mc_cid=ee15a7a669&mc_eid=9eeba33a50,1,1
757,/blog/2019-10-31-bloodsuckers-banshees-and-brains-bestiary-scary-software-projects-and-how-banish?mc_cid=ee15a7a669&mc_eid=a959ac70f1,1,1
758,/blog/2019-10-31-bloodsuckers-banshees-and-brains-bestiary-scary-software-projects-and-how-banish?mc_cid=ee15a7a669&mc_eid=b957296545,4,3
759,/blog/2019-10-31-bloodsuckers-banshees-and-brains-bestiary-scary-software-projects-and-how-banish?mc_cid=ee15a7a669&mc_eid=c1e1665bb2,1,1
760,/blog/2019-10-31-bloodsuckers-banshees-and-brains-bestiary-scary-software-projects-and-how-banish?mc_cid=ee15a7a669&mc_eid=d52f61f43f,1,1
761,/blog/2019-10-31-bloodsuckers-banshees-and-brains-bestiary-scary-software-projects-and-how-banish?mc_cid=ee15a7a669&mc_eid=e10eaeac63,2,2
762,/blog/2019-10-31-bloodsuckers-banshees-and-brains-bestiary-scary-software-projects-and-how-banish?mc_cid=ee15a7a669&mc_eid=e9f6e78c1a,1,1
763,/blog/2019-11-04-using-cloud-research-software-engineering,4,1
764,/blog/2019-11-05-using-cloud-research-software-engineering,26,22
765,/blog/2019-11-05-using-cloud-research-software-engineering?mc_cid=678a236ee7&mc_eid=0b3655480f,3,3
766,/blog/2019-11-05-using-cloud-research-software-engineering?mc_cid=678a236ee7&mc_eid=231da03673,2,1
767,/blog/2019-11-05-using-cloud-research-software-engineering?mc_cid=678a236ee7&mc_eid=2fb10be695,2,2
768,/blog/2019-11-05-using-cloud-research-software-engineering?mc_cid=678a236ee7&mc_eid=6fe66db93c,3,1
769,/blog/2019-11-05-using-cloud-research-software-engineering?mc_cid=678a236ee7&mc_eid=a959ac70f1,3,2
770,/blog/2019-11-05-using-cloud-research-software-engineering?mc_cid=678a236ee7&mc_eid=b957296545,1,1
771,/blog/2019-11-05-using-cloud-research-software-engineering?mc_cid=678a236ee7&mc_eid=cd21d167f5,1,1
772,/blog/2019-11-05-using-cloud-research-software-engineering?mc_cid=678a236ee7&mc_eid=ead18c7057,1,1
773,/blog/2019-11-05-using-cloud-research-software-engineering?mc_cid=678a236ee7&mc_eid=f7d49eb572,1,1
774,/blog/2019-11-12-ukri-strategy-recognises-critical-role-software-research,4,1
775,/blog/2019-11-13-glossary-terms-research-software-engineering,73,58
776,/blog/2019-11-13-glossary-terms-research-software-engineering?fbclid=IwAR07F7Ovkp_uNcz66QPfyotpJzTucm657plLlxTgOEGyXxxsbT9Wld3QnP0,1,1
777,/blog/2019-11-13-glossary-terms-research-software-engineering?fbclid=IwAR0TW0370nqyWmCDxBavuaQlDVCpueZrZ-Jwzp4A0akVY1IX3b3Jt8dBZ-s,1,1
778,/blog/2019-11-13-glossary-terms-research-software-engineering?fbclid=IwAR2OwSwzzRCiQ2EvuTW3aPD27yonmYIIeQpq8-vunZQLos87zjgEQOhTqAc,1,1
779,/blog/2019-11-13-glossary-terms-research-software-engineering?fbclid=IwAR2UqoNBnMiGbVExtITJcB_Mdx5Wxdl9cWg82k3c-lA771ECZ0BQbCocHYg,1,1
780,/blog/2019-11-13-glossary-terms-research-software-engineering?mc_cid=8c8d406cde&mc_eid=0b14d25bc8,1,1
781,/blog/2019-11-13-glossary-terms-research-software-engineering?mc_cid=8c8d406cde&mc_eid=0b3655480f,1,1
782,/blog/2019-11-13-glossary-terms-research-software-engineering?mc_cid=8c8d406cde&mc_eid=409a6187f7,1,1
783,/blog/2019-11-13-glossary-terms-research-software-engineering?mc_cid=8c8d406cde&mc_eid=6fe66db93c,2,1
784,/blog/2019-11-13-glossary-terms-research-software-engineering?mc_cid=8c8d406cde&mc_eid=a959ac70f1,2,1
785,/blog/2019-11-13-glossary-terms-research-software-engineering?mc_cid=8c8d406cde&mc_eid=c1e1665bb2,1,1
786,/blog/2019-11-13-glossary-terms-research-software-engineering?mc_cid=8c8d406cde&mc_eid=c20f810a47,1,1
787,/blog/2019-11-13-glossary-terms-research-software-engineering?mc_cid=8c8d406cde&mc_eid=e3a8ecd03d,3,3
788,/blog/2019-11-14-maintainers-iii-infrastructure-and-climate,1,1
789,/blog/2019-11-14-maintainers-iii-labour,3,1
790,/blog/2019-11-14-maintenance-2019,1,1
791,/blog/2019-11-15-maintainers-iii-infrastructure-and-climate,24,19
792,/blog/2019-11-15-maintainers-iii-infrastructure-and-climate?mc_cid=8c8d406cde&mc_eid=53050ef3d4,1,1
793,/blog/2019-11-15-maintainers-iii-infrastructure-and-climate?mc_cid=8c8d406cde&mc_eid=55ef2ae053,3,3
794,/blog/2019-11-15-maintainers-iii-infrastructure-and-climate?mc_cid=8c8d406cde&mc_eid=853db2cd55,1,1
795,/blog/2019-11-15-maintainers-iii-infrastructure-and-climate?mc_cid=8c8d406cde&mc_eid=86a12d3eea,1,1
796,/blog/2019-11-15-maintainers-iii-infrastructure-and-climate?mc_cid=8c8d406cde&mc_eid=8aaaf695cc,1,1
797,/blog/2019-11-15-maintainers-iii-infrastructure-and-climate?mc_cid=8c8d406cde&mc_eid=9e9340187c,1,1
798,/blog/2019-11-15-maintainers-iii-infrastructure-and-climate?mc_cid=8c8d406cde&mc_eid=d52f61f43f,1,1
799,/blog/2019-11-15-maintainers-iii-infrastructure-and-climate?mc_cid=8c8d406cde&mc_eid=e9f6e78c1a,1,1
800,/blog/2019-11-15-maintainers-iii-infrastructure-and-climate?mc_cid=8c8d406cde&mc_eid=ead18c7057,1,1
801,/blog/2019-11-15-maintainers-iii-labour,15,7
802,/blog/2019-11-15-maintainers-iii-labour?mc_cid=8c8d406cde&mc_eid=adcb8eff82,1,1
803,/blog/2019-11-15-maintenance-2019,23,12
804,/blog/2019-11-15-reflections-open-science-fair-2019,1,1
805,/blog/2019-11-18-hacktoberfest-2019,2,1
806,/blog/2019-11-18-open-source-biodiversity-data-are-great-both-research-and-training,2,1
807,/blog/2019-11-18-quantitative-ecology-hackathon,3,2
808,/blog/2019-11-18-reflections-open-science-fair-2019,38,30
809,/blog/2019-11-19-quantitative-ecology-hackathon,57,49
810,/blog/2019-11-19-quantitative-ecology-hackathon?mc_cid=969fd0f237&mc_eid=c0ed19e4a3,1,1
811,/blog/2019-11-20-open-source-biodiversity-data-great-both-research-and-training,7,4
812,/blog/2019-11-21-hacktoberfest-2019,16,9
813,/blog/2019-11-21-researcher-rse-my-career-path,12,7
814,/blog/2019-11-22-supercharge-your-open-project-leadership-training,35,29
815,/blog/2019-11-22-supercharge-your-open-project-leadership-training?mc_cid=969fd0f237&mc_eid=6fde27bdfd,2,2
816,/blog/2019-11-22-supercharge-your-open-project-leadership-training?mc_cid=969fd0f237&mc_eid=d34cba54f3,2,2
817,/blog/2019-11-22-supercharge-your-open-project-leadership-training?mc_cid=969fd0f237&mc_eid=f597cc22c7,1,1
818,/blog/2019-11-22-supercharge-your-open-project-leadership-training?mc_cid=969fd0f237&mc_eid=ffe859dbf4,1,1
819,/blog/2019-11-25-hacktoberfest-2019,6,5
820,/blog/2019-11-25-hacktoberfest-2019?mc_cid=e8aa893758&mc_eid=2fb10be695,1,1
821,/blog/2019-11-25-hacktoberfest-2019?mc_cid=e8aa893758&mc_eid=74fc187b4f,1,1
822,/blog/2019-11-25-hacktoberfest-2019?mc_cid=e8aa893758&mc_eid=e10eaeac63,1,1
823,/blog/2019-11-25-sustainable-modelling-software-large-scale-physics-experiments,1,1
824,/blog/2019-11-26-open-source-biodiversity-data-great-both-research-and-training,14,9
825,/blog/2019-11-26-open-source-biodiversity-data-great-both-research-and-training?mc_cid=e8aa893758&mc_eid=2fb8342caf,1,1
826,/blog/2019-11-26-open-source-biodiversity-data-great-both-research-and-training?mc_cid=e8aa893758&mc_eid=3cd3907e88,1,1
827,/blog/2019-11-26-open-source-biodiversity-data-great-both-research-and-training?mc_cid=e8aa893758&mc_eid=74fc187b4f,1,1
828,/blog/2019-11-26-open-source-biodiversity-data-great-both-research-and-training?mc_cid=e8aa893758&mc_eid=e10eaeac63,1,1
829,/blog/2019-11-27-researcher-rse-my-career-path,54,48
830,/blog/2019-11-27-researcher-rse-my-career-path?mc_cid=e8aa893758&mc_eid=042ac5ed7d,1,1
831,/blog/2019-11-27-researcher-rse-my-career-path?mc_cid=e8aa893758&mc_eid=0d99e530d8,1,1
832,/blog/2019-11-27-researcher-rse-my-career-path?mc_cid=e8aa893758&mc_eid=1bc44cc323,2,2
833,/blog/2019-11-27-researcher-rse-my-career-path?mc_cid=e8aa893758&mc_eid=1bc8cafe9e,2,2
834,/blog/2019-11-27-researcher-rse-my-career-path?mc_cid=e8aa893758&mc_eid=231da03673,2,2
835,/blog/2019-11-27-researcher-rse-my-career-path?mc_cid=e8aa893758&mc_eid=4696554f7c,1,1
836,/blog/2019-11-27-researcher-rse-my-career-path?mc_cid=e8aa893758&mc_eid=57cbb69027,1,1
837,/blog/2019-11-27-researcher-rse-my-career-path?mc_cid=e8aa893758&mc_eid=5ccd8b79f8,1,1
838,/blog/2019-11-27-researcher-rse-my-career-path?mc_cid=e8aa893758&mc_eid=6dbc4174c9,1,1
839,/blog/2019-11-27-researcher-rse-my-career-path?mc_cid=e8aa893758&mc_eid=74fc187b4f,1,1
840,/blog/2019-11-27-researcher-rse-my-career-path?mc_cid=e8aa893758&mc_eid=d3ac728e8b,2,1
841,/blog/2019-11-27-researcher-rse-my-career-path?mc_cid=e8aa893758&mc_eid=e10eaeac63,1,1
842,/blog/2019-11-27-researcher-rse-my-career-path?mc_cid=e8aa893758&mc_eid=e3a8ecd03d,2,2
843,/blog/2019-11-29-open-science-university-glasgow,18,14
844,/blog/2019-11-29-open-science-university-glasgow?mc_cid=e8aa893758&mc_eid=236ee471a8,1,1
845,/blog/2019-11-29-open-science-university-glasgow?mc_cid=e8aa893758&mc_eid=2fb10be695,1,1
846,/blog/2019-11-29-open-science-university-glasgow?mc_cid=e8aa893758&mc_eid=58c764186f,1,1
847,/blog/2019-11-29-open-science-university-glasgow?mc_cid=e8aa893758&mc_eid=6d78beb674,1,1
848,/blog/2019-11-29-open-science-university-glasgow?mc_cid=e8aa893758&mc_eid=b957296545,1,1
849,/blog/2019-11-29-open-science-university-glasgow?mc_cid=e8aa893758&mc_eid=f340c803bf,2,1
850,/building-better-community,4,4
851,/c4rr,17,14
852,/c4rr/agenda,6,1
853,/c4rr/talks,1,1
854,/c4rr/who-is-attending,2,2
855,/case-studies,38,33
856,/ccmcr19,38,36
857,/ccmcr19/coc,1,1
858,/ccmcr19/keynotes,2,2
859,/ccmcr19/programme,12,10
860,/ccmcr19/programme/posters-lightning-talks,2,1
861,/ccmcr19/sponsors,1,1
862,/ccmcr19/why-sponsor,1,1
863,/choosing-repository-your-software-project,355,334
864,/choosing-right-open-source-software-your-project,14,14
865,/Collaborations Workshop 2020 (CW20) -#CollabW20,60,52
866,/collaborations-workshop-2015-cw15,1,1
867,/community,1,1
868,/consultancy,9,5
869,/contact,35,31
870,/cw11,3,3
871,/cw12-maps-and-rooms,8,7
872,/cw12/cw12-lightning-talks,1,1
873,/cw12/cw12-topics-lightning-talks,30,29
874,/cw13/cw13-map-and-rooms,1,1
875,/cw14-collaborative-ideas-session-1,1,1
876,/cw15/hackday-entries-and-winners,1,1
877,/cw15/hackday-judging-criteria,1,1
878,/cw15/lightning-talks,2,1
879,/cw16,3,1
880,/cw16/collaborative-and-hackday-ideas,33,29
881,/cw16/discussion-sessions,1,1
882,/cw16/hackday-entries-and-winners,2,2
883,/cw16/hackday-judging-criteria,1,1
884,/cw16/who-is-attending,2,1
885,/cw17,3,2
886,/cw17/agenda,2,1
887,/cw17/code-of-conduct,1,1
888,/cw17/collab-hack-ideas,2,2
889,/cw17/hackday-entries-and-winners,1,1
890,/cw17/venue,5,4
891,/cw18,8,7
892,/cw18-mini-workshop-screen-recording-guide,1,1
893,/cw19,35,28
894,/cw19/accommodation,1,1
895,/cw19/agenda,1,1
896,/cw19/code-conduct,1,1
897,/cw19/code-of-conduct/harassment-reporting-procedure,1,1
898,/cw19/code-of-conduct/staff-procedure-handling-reported-harassment,1,1
899,/cw19/social-programme,2,2
900,/cw19/sponsors,4,3
901,/cw19/sponsorship,8,5
902,/cw19/whos-attending,2,2
903,/cw20,214,162
904,/cw20?mc_cid=35e543e212&mc_eid=2b6dfeed06,2,1
905,/cw20?mc_cid=35e543e212&mc_eid=6118109bfb,1,1
906,/cw20/accommodation,40,13
907,/cw20/agenda,49,41
908,/cw20/code-conduct,1,1
909,/cw20/map-and-venue,5,1
910,/cw20/sponsorship,67,11
911,/developing-scientific-applications-using-model-view-controller-approach,11,11
912,/editorial-style-guide,8,7
913,/events,18,14
914,/events/2018-07-16-hpc-carpentry-university-leeds,1,1
915,/events/2018-07-20-gateways-2018,2,1
916,/events/2018-09-14-collaborations-workshop-2019,5,4
917,/events/2019-01-14-carpentryconnect-manchester-2019,7,5
918,/events/2019-11-20-collaborations-workshop-2020,27,11
919,/events/2019-11-20-collaborations-workshop-2020?mc_cid=969fd0f237&mc_eid=079566bffd,2,2
920,/events/2019-11-20-collaborations-workshop-2020?mc_cid=969fd0f237&mc_eid=236ee471a8,1,1
921,/events/2019-11-20-collaborations-workshop-2020?mc_cid=969fd0f237&mc_eid=401a30b39f,2,1
922,/events/2019-11-20-collaborations-workshop-2020?mc_cid=969fd0f237&mc_eid=c20f810a47,1,1
923,/events/2019-11-20-collaborations-workshop-2020?mc_cid=969fd0f237&mc_eid=e2e1dbf3a1,1,1
924,/faq,30,10
925,/fellow-profiles,6,4
926,/fellows/kayla-iacovino,2,2
927,/fellowship-programme/2018/terms-and-conditions,4,3
928,/fellowship-programme/2018/webinar,2,2
929,/fellowship-programme/2019/terms-and-conditions,5,5
930,/fellowship-programme/2019/webinar,1,1
931,/fellowship-programme/2020/application-video-guide,13,12
932,/fellowship-programme/2020/privacy-statement,1,1
933,/fellowship-programme/2020/webinar,6,5
934,/fellowship-programme/faq,9,9
935,/fellowship-terms-and-conditions-2017,2,2
936,/filter/tips,2,1
937,/first-2020science-paper-hackathon,1,1
938,/generating-google-maps-out-google-spreadsheets,1041,915
939,/getting-know-jenkins,4,2
940,/guides,21,18
941,/heroes-software-engineering,1,1
942,/home/cw11/breakouts,2,2
943,/home/cw11/giving-good-lightning-talk,788,697
944,/how-cite-software,681,652
945,/how-cite-software?mpw=,2,2
946,/how-does-software-fit-epsrcs-research-data-policy,14,14
947,/how-fund-research-software-development,55,42
948,/how-run-software-carpentry-boot-camp,7,6
949,/how-write-case-funding-software-developer,28,26
950,/information-about-workshop/how-run-break-out,2,2
951,/ipclc,1,1
952,/map-doctoral-training-centres-uk,4,2
953,/mike-croucher,5,5
954,/miw,12,11
955,/miw/agenda,1,1
956,/miw/background,2,2
957,/news,38,29
958,/news?page=0,1,1
959,/news?page=1,4,3
960,/news?page=2,2,2
961,/news/2011-12-08-science-code-manifesto,1,1
962,/news/2012-04-26-online-sustainability-evaluation-review-your-software-s-sustainability-and-receive-t,1,1
963,/news/2012-04-27-interesting-study-barriers-prevent-researchers-publishing-their-code,1,1
964,/news/2013-03-06-proposals-big-data-workshops-sought,2,2
965,/news/2013-05-31-crapl-academic-strength-open-source-licence,7,7
966,/news/2014-02-19-azure-training-manchester-and-online-excel-research-training,1,1
967,/news/2014-08-19-vacancy-university-oxford-wants-chaste-programmer,1,1
968,/news/2014-08-29-drishti-software-training,1,1
969,/news/2014-09-25-fellowship-2015-application-deadline-extended-you-can-now-apply-fellowship-until-5pm,2,1
970,/news/2015-01-22-want-know-how-software-helps-world-class-research-weve-got-app,1,1
971,/news/2015-01-23-data-carpentry-workshop-using-apis-access-life-science-data-web,1,1
972,/news/2015-03-06-scientific-software-engineer-positions-uk-met-office,2,2
973,/news/2015-08-04-data-management-citizen-science-projects-share-your-experience,1,1
974,/news/2015-08-04-grants-connect-tools-and-services-open-science,1,1
975,/news/2015-08-11-lloyds-2015-science-risk-prize-big-data-cyber-risk,1,1
976,/news/2015-08-17-pirbright-institute-recruiting-bioinformatics-e-learning-officer,2,1
977,/news/2015-08-27-institute-fellow-robin-wilson-speaking-about-provenance-tracking-python-euroscipy,1,1
978,/news/2015-11-05-free-data-science-workshop-12-november-2015-london,1,1
979,/news/2015-11-10-depsy-helping-credit-software-powers-research,1,1
980,/news/2015-11-17-software-credit-workshop-resources-available-slides-and-audio,1,1
981,/news/2016-02-19-bbc-feature-writer-david-robson-running-better-writing-workshop-cw16,3,3
982,/news/applications-fellowship-programme-2020-are-now-open,7,6
983,/news/archer-courses-announced,9,7
984,/news/archer-courses-announced?mc_cid=e8aa893758&mc_eid=2fb10be695,1,1
985,/news/archer-courses-announced?mc_cid=e8aa893758&mc_eid=34f097cee9,1,1
986,/news/bioinformatics-open-source-conference-2019-call-submissions,1,1
987,/news/call-candidates-2020-carpentries-executive-council,19,18
988,/news/call-candidates-2020-carpentries-executive-council?mc_cid=678a236ee7&mc_eid=2fb10be695,1,1
989,/news/call-candidates-2020-carpentries-executive-council?mc_cid=678a236ee7&mc_eid=757e51b932,1,1
990,/news/call-candidates-2020-carpentries-executive-council?mc_cid=678a236ee7&mc_eid=b7cbd17e61,3,2
991,/news/call-papers-software-engineering-hpc-enabled-research,1,1
992,/news/cambridge-university-press-and-code-ocean-partner-increase-transparency-and-code-executability,1,1
993,/news/carpentries-curriculum-development-handbook-released,2,2
994,/news/carpentries-receives-funding-gordon-and-betty-moore-foundation-and-chan-zuckerberg-initiative,10,9
995,/news/carpentries-receives-funding-gordon-and-betty-moore-foundation-and-chan-zuckerberg-initiative?mc_cid=678a236ee7&mc_eid=0b3655480f,1,1
996,/news/carpentries-receives-funding-gordon-and-betty-moore-foundation-and-chan-zuckerberg-initiative?mc_cid=678a236ee7&mc_eid=1bc44cc323,3,3
997,/news/carpentries-receives-funding-gordon-and-betty-moore-foundation-and-chan-zuckerberg-initiative?mc_cid=678a236ee7&mc_eid=2fb10be695,1,1
998,/news/carpentries-receives-funding-gordon-and-betty-moore-foundation-and-chan-zuckerberg-initiative?mc_cid=678a236ee7&mc_eid=3471b60a81,1,1
999,/news/carpentries-receives-funding-gordon-and-betty-moore-foundation-and-chan-zuckerberg-initiative?mc_cid=678a236ee7&mc_eid=6fe66db93c,1,1
1000,/news/carpentries-receives-funding-gordon-and-betty-moore-foundation-and-chan-zuckerberg-initiative?mc_cid=678a236ee7&mc_eid=7a977b33f9,2,2
1001,/news/carpentries-receives-funding-gordon-and-betty-moore-foundation-and-chan-zuckerberg-initiative?mc_cid=678a236ee7&mc_eid=a886038a3c,2,1
1002,/news/carpentries-receives-funding-gordon-and-betty-moore-foundation-and-chan-zuckerberg-initiative?mc_cid=678a236ee7&mc_eid=b7cbd17e61,1,1
1003,/news/carpentries-receives-funding-gordon-and-betty-moore-foundation-and-chan-zuckerberg-initiative?mc_cid=678a236ee7&mc_eid=ce4a122a30,1,1
1004,/news/carpentries-receives-funding-gordon-and-betty-moore-foundation-and-chan-zuckerberg-initiative?mc_cid=678a236ee7&mc_eid=e7a934e91c,1,1
1005,/news/carpentries-receives-funding-gordon-and-betty-moore-foundation-and-chan-zuckerberg-initiative?mc_cid=678a236ee7&mc_eid=fbef65984e,1,1
1006,/news/catherine-stihler-open-collaborations-workshop-2019,1,1
1007,/news/collaborations-workshop-2018-registrations-open,1,1
1008,/news/collaborations-workshop-2019-videos-now-available-online,2,2
1009,/news/collaborations-workshop-2020-cw20-registration-open,32,28
1010,/news/collaborations-workshop-2020-cw20-registration-open?mc_cid=969fd0f237&mc_eid=18615cfb26,5,1
1011,/news/collaborations-workshop-2020-cw20-registration-open?mc_cid=969fd0f237&mc_eid=34f097cee9,1,1
1012,/news/collaborations-workshop-2020-cw20-registration-open?mc_cid=969fd0f237&mc_eid=401a30b39f,1,1
1013,/news/collaborations-workshop-2020-cw20-registration-open?mc_cid=969fd0f237&mc_eid=5fdac7d795,1,1
1014,/news/collaborations-workshop-2020-cw20-registration-open?mc_cid=969fd0f237&mc_eid=71bb12d553,2,2
1015,/news/collaborations-workshop-2020-cw20-registration-open?mc_cid=969fd0f237&mc_eid=e2e1dbf3a1,2,2
1016,/news/collaborations-workshop-2020-cw20-registration-open?mc_cid=969fd0f237&mc_eid=e6efabeadc,3,1
1017,/news/collaborations-workshop-2020-cw20-registration-open?mc_cid=969fd0f237&mc_eid=f597cc22c7,1,1
1018,/news/congratulations-carole-goble-honoris-causa-doctorate,2,2
1019,/news/countdown-rse-conference,2,2
1020,/news/cw14-professor-carole-gobles-keynote-talk,2,2
1021,/news/data-carpentry-university-southampton,1,1
1022,/news/data-science-doctors-workshop-health-data-research-uk,20,16
1023,/news/datatech20-call-submissions,11,9
1024,/news/digital-preservation-awards-2018,1,1
1025,/news/docker-containers-reproducible-research-workshop,1,1
1026,/news/edinburgh-research-software-engineering-rse-community-meeting-21st-november-2018,1,1
1027,/news/epsrc-research-software-engineer-fellowship-invitation-outlines,1,1
1028,/news/fellowship-programme-2020-launch-webinar,6,6
1029,/news/five-day-gpu-hackathon-sheffield-university,2,2
1030,/news/franziska-heine-be-keynote-speaker-collaborations-workshop-2019,2,2
1031,/news/help-carpentries-articulate-their-values,2,1
1032,/news/hpc-user-forum,2,2
1033,/news/introduction-software-sustainability-institute-and-its-work-research-software-community,3,3
1034,/news/job-advert-research-software-engineer-imperial-college-london,2,1
1035,/news/job-opportunity-data-scientist-statistician-full-time,1,1
1036,/news/job-opportunity-head-digital-and-technology-research-national-archives,2,1
1037,/news/kirstie-whitaker-be-one-keynote-speakers-collaborations-workshops-2018,2,2
1038,/news/last-chance-apply-fellowship-programme-2019,1,1
1039,/news/last-chance-vote-society-rse-trustees,1,1
1040,/news/launch-local-uk-mailing-list-and-slack-channel-uk-carpentry-community,1,1
1041,/news/lex-nederbragt-announced-keynote-speaker-carpentryconnect-manchester-2019,1,1
1042,/news/map-centres-doctoral-trainings-cdts,1,1
1043,/news/mine-cetinkaya-rundel-announced-keynote-speaker-carpentryconnect-manchester-2019,2,2
1044,/news/neil-maiden-presents-inject-ai-powered-tool-support-more-creative-science-journalism,5,5
1045,/news/new-carpentries-chapter-launched-edinburgh,1,1
1046,/news/new-forms-requesting-and-reporting-carpentry-workshops,1,1
1047,/news/newcastle-university-seeking-parallel-programmer-model-microbial-cells,1,1
1048,/news/nominations-open-inaugural-open-publishing-awards,3,3
1049,/news/openaire-research-graph-webinar,31,26
1050,/news/openaire-research-graph-webinar?mc_cid=8c8d406cde&mc_eid=0b3655480f,1,1
1051,/news/openaire-research-graph-webinar?mc_cid=8c8d406cde&mc_eid=37c1d9168f,2,2
1052,/news/openaire-research-graph-webinar?mc_cid=8c8d406cde&mc_eid=6fe66db93c,1,1
1053,/news/openaire-research-graph-webinar?mc_cid=8c8d406cde&mc_eid=95c725865c,1,1
1054,/news/openaire-research-graph-webinar?mc_cid=8c8d406cde&mc_eid=960523042e,1,1
1055,/news/openaire-research-graph-webinar?mc_cid=8c8d406cde&mc_eid=e46f4c70c6,1,1
1056,/news/openaire-research-graph-webinar?mc_cid=8c8d406cde&mc_eid=ead18c7057,1,1
1057,/news/openaire-research-graph-webinar?mc_cid=8c8d406cde&mc_eid=ffe859dbf4,2,1
1058,/news/r-forwards-workshop-women-and-other-under-represented-groups,19,15
1059,/news/registration-digital-humanities-oxford-summer-school-2017-now-open,1,1
1060,/news/research-software-management-workshops-january-2017,1,1
1061,/news/resops-delivering-science-across-clouds,1,1
1062,/news/software-citation-workshop-british-library,3,3
1063,/news/software-deposit-and-preservation-workshop-0,1,1
1064,/news/software-sustainability-institute-fellows-2017-announced,1,1
1065,/news/survey-software-licensing,1,1
1066,/news/three-job-opportunities-centre-computing-research-sandia,3,3
1067,/news/tickets-still-available-festival-maintenance,1,1
1068,/news/time-register-2019-lir-seminar,2,2
1069,/news/time-register-2019-lir-seminar?mc_cid=ee15a7a669&mc_eid=12d3cda669,1,1
1070,/news/time-register-2019-lir-seminar?mc_cid=ee15a7a669&mc_eid=57cbb69027,1,1
1071,/news/time-register-2019-lir-seminar?mc_cid=ee15a7a669&mc_eid=853db2cd55,1,1
1072,/news/time-register-2019-lir-seminar?mc_cid=ee15a7a669&mc_eid=a959ac70f1,1,1
1073,/news/time-register-2019-lir-seminar?mc_cid=ee15a7a669&mc_eid=b7cbd17e61,1,1
1074,/news/time-register-2019-lir-seminar?mc_cid=ee15a7a669&mc_eid=d34cba54f3,1,1
1075,/news/time-register-2019-lir-seminar?mc_cid=ee15a7a669&mc_eid=e10eaeac63,1,1
1076,/news/time-register-2019-lir-seminar?mc_cid=ee15a7a669&mc_eid=e1179252c9,1,1
1077,/news/time-register-2019-lir-seminar?mc_cid=ee15a7a669&mc_eid=e7a934e91c,1,1
1078,/news/tracy-teal-announced-keynote-speaker-carpentryconnect-manchester-2019,1,1
1079,/news/uk-rse-survey-2017-invitation-participate,1,1
1080,/news/ukri-strategy-recognises-critical-role-software-research,118,105
1081,/news/ukri-strategy-recognises-critical-role-software-research?mc_cid=8c8d406cde&mc_eid=2fb10be695,1,1
1082,/news/ukri-strategy-recognises-critical-role-software-research?mc_cid=8c8d406cde&mc_eid=53050ef3d4,1,1
1083,/news/ukri-strategy-recognises-critical-role-software-research?mc_cid=8c8d406cde&mc_eid=57cbb69027,1,1
1084,/news/ukri-strategy-recognises-critical-role-software-research?mc_cid=8c8d406cde&mc_eid=8fececb84f,1,1
1085,/news/ukri-strategy-recognises-critical-role-software-research?mc_cid=8c8d406cde&mc_eid=99a0f45648,1,1
1086,/news/ukri-strategy-recognises-critical-role-software-research?mc_cid=8c8d406cde&mc_eid=9e9340187c,1,1
1087,/news/ukri-strategy-recognises-critical-role-software-research?mc_cid=8c8d406cde&mc_eid=a959ac70f1,4,4
1088,/news/ukri-strategy-recognises-critical-role-software-research?mc_cid=8c8d406cde&mc_eid=b957296545,2,1
1089,/news/ukri-strategy-recognises-critical-role-software-research?mc_cid=8c8d406cde&mc_eid=e9f6e78c1a,1,1
1090,/news/ukri-strategy-recognises-critical-role-software-research?mc_cid=8c8d406cde&mc_eid=ead18c7057,1,1
1091,/news/urssi-winter-school-research-software-engineering-applications-now-open,3,3
1092,/news/us-applicants-sought-2019-better-scientific-software-bssw-fellowship-programme,1,1
1093,/news/vacancy-research-software-engineer-imperial-college-london,16,16
1094,/news/vacancy-research-software-engineer-imperial-college-london?mc_cid=969fd0f237&mc_eid=0d99e530d8,1,1
1095,/news/vacancy-research-software-engineer-imperial-college-london?mc_cid=969fd0f237&mc_eid=18615cfb26,1,1
1096,/news/vacancy-research-software-engineer-imperial-college-london?mc_cid=969fd0f237&mc_eid=231da03673,1,1
1097,/news/vacancy-research-software-engineer-imperial-college-london?mc_cid=969fd0f237&mc_eid=27c7f9a30f,1,1
1098,/news/vacancy-research-software-engineer-imperial-college-london?mc_cid=969fd0f237&mc_eid=74fc187b4f,1,1
1099,/news/vacancy-research-software-engineer-imperial-college-london?mc_cid=969fd0f237&mc_eid=9eeba33a50,4,4
1100,/news/vacancy-research-software-engineer-imperial-college-london?mc_cid=969fd0f237&mc_eid=a959ac70f1,1,1
1101,/news/vacancy-research-software-engineer-imperial-college-london?mc_cid=969fd0f237&mc_eid=c1e1665bb2,1,1
1102,/news/vacancy-research-software-engineer-imperial-college-london?mc_cid=969fd0f237&mc_eid=c6e3e5351c,1,1
1103,/news/vacancy-research-software-engineer-imperial-college-london?mc_cid=969fd0f237&mc_eid=e10eaeac63,1,1
1104,/news/vacancy-research-software-engineer-imperial-college-london?mc_cid=969fd0f237&mc_eid=ffe859dbf4,1,1
1105,/news/webinar-software-sustainability-why-and-how-do-it,21,17
1106,/news/webinar-software-sustainability-why-and-how-do-it?mc_cid=8c8d406cde&mc_eid=d34cba54f3,5,4
1107,/news/why-recognising-scientific-software-experts-key-open-science,1,1
1108,/news/women-high-performance-computing-summit-2020,23,21
1109,/news/workshop-open-and-reproducible-science-exeter-6th-7th-june-2019,2,2
1110,/orderconf-Collaborations Workshop 2020 (CW20) -#CollabW20,1,1
1111,/other-reports,7,6
1112,/people-deprecated,4,4
1113,/physics-sports,3,3
1114,/policy,1,1
1115,/press,7,3
1116,/privacy,2,2
1117,/privacy-policy,45,42
1118,/privacy-surveys,1,1
1119,/programmes-and-events,33,27
1120,/programmes-and-events/carpentry-programmes,65,52
1121,/programmes-and-events/carpentry-programmes/data-carpentry,12,11
1122,/programmes-and-events/carpentry-programmes/instructor-training,6,6
1123,/programmes-and-events/collaborations-workshops,56,46
1124,/programmes-and-events/fellowship-programme,252,209
1125,/programmes-and-events/fellowship-programme?mc_cid=d1e9c76312&mc_eid=50168d5c55,1,1
1126,/programmes-and-events/fellowship-programme?mc_cid=d1e9c76312&mc_eid=598146d173,1,1
1127,/programmes-and-events/open-call-projects,63,52
1128,/programmes-and-events/other-workshops,26,26
1129,/programmes-and-events/research-software-healthcheck,46,37
1130,/programmes-events/carpentries/carpentries-uk,6,6
1131,/programmes-events/carpentries/how-to-get-involved,5,4
1132,/programmes-events/carpentries/hpc-carpentry,3,3
1133,/programmes-events/carpentries/library-carpentry,3,3
1134,/programmes-events/carpentries/software-carpentry,46,44
1135,/programmes-events/carpentries/what-are-carpentries,14,13
1136,/publications,21,15
1137,/register-Collaborations Workshop 2020 (CW20) -#CollabW20,3,3
1138,/research-data-visualisation-workshop-rdvw,2,2
1139,/research-software-engineer-agm-and-hackday,1,1
1140,/research-software-engineering-cloud-computing-awards-microsoft,3,3
1141,/research-software-engineers,85,67
1142,/resources,38,35
1143,/resources/approaches-software-sustainability,73,68
1144,/resources/case-studies/analysing-texts-digital-archives,2,2
1145,/resources/case-studies/better-software-and-better-software-management-even-across-distributed-team,3,3
1146,/resources/case-studies/biofuel-research-potential-grows-updated-software,1,1
1147,/resources/case-studies/checklist-using-cloud-research,2,2
1148,/resources/case-studies/ensuring-future-digital-arts-and-humanities-community,3,3
1149,/resources/case-studies/flexible-working-crystal-structure-modelling,3,3
1150,/resources/case-studies/getting-grips-molecules,2,2
1151,/resources/case-studies/helping-research-project-transform-business-service,1,1
1152,/resources/case-studies/helping-surgeons-adopt-software,1,1
1153,/resources/case-studies/helping-tame-ogsa-dai-workbench,2,2
1154,/resources/case-studies/helping-visualise-what-happens-inside-nuclear-reactor,3,3
1155,/resources/case-studies/improving-climate-modelling-and-making-it-accessible-new-users,3,3
1156,/resources/case-studies/improving-development-popular-bone-analysis-software,1,1
1157,/resources/case-studies/improving-laboratory-mobile-app-software-wider-uptake,2,1
1158,/resources/case-studies/making-high-performance-computing-resources-more-accessible,2,2
1159,/resources/case-studies/making-software-available-new-users,1,1
1160,/resources/case-studies/preparing-icat-thousands-new-users,6,4
1161,/resources/case-studies/preparing-musculoskeletal-software-public-release,3,3
1162,/resources/case-studies/software-hub-central-resource-jisc-software,5,5
1163,/resources/case-studies/studying-circadian-rhythms-plants-and-insects,2,2
1164,/resources/conference-intelligence,1,1
1165,/resources/conference-intelligence/30th-conference-international-society-biomechanics-sports-isbs,1,1
1166,/resources/conference-intelligence/dart-workshop,5,5
1167,/resources/conference-intelligence/how-can-sport-drive-engineering-innovation,1,1
1168,/resources/conference-intelligence/international-conference-coastal-engineering-icce2012,2,2
1169,/resources/conference-intelligence/international-sustainability-conference,2,1
1170,/resources/conference-intelligence/knowledge-engineering-and-knowledge-management,1,1
1171,/resources/conference-intelligence/knowledge-gaps-phd-conference-2012,1,1
1172,/resources/day-software-life,3,2
1173,/resources/get-speed,29,21
1174,/resources/guides,97,83
1175,/resources/guides-everything/software-evaluation-guide,1502,1253
1176,/resources/guides-everything/using-git-shared-folders-and-virtual-machines-3,698,657
1177,/resources/guides/adding-schema-dot-org,10,10
1178,/resources/guides/adopting-open-source-licence,70,58
1179,/resources/guides/choosing-project-and-product-names,58,57
1180,/resources/guides/cloud-for-funders-best-practice,19,18
1181,/resources/guides/congratulations-youve-inherited-some-code,6,6
1182,/resources/guides/defending-your-code-against-dependency-problems,97,97
1183,/resources/guides/developing-maintainable-software,790,726
1184,/resources/guides/developing-portlets-for-multiple-portal-platforms,7,7
1185,/resources/guides/digital-preservation-and-curation-danger-overlooking-software,20,20
1186,/resources/guides/guides-content-contributors,1,1
1187,/resources/guides/guides-developers,30,25
1188,/resources/guides/guides-instructors-trainers-and-workshop-hosts,5,5
1189,/resources/guides/guides-managers,6,6
1190,/resources/guides/guides-researchers,17,13
1191,/resources/guides/help-my-developer-running-away,59,54
1192,/resources/guides/hosted-continuous-integration,6,5
1193,/resources/guides/how-create-and-manage-sourceforge-projects,143,138
1194,/resources/guides/how-frustrate-your-users-annoy-other-developers-and-please-lawyers,1,1
1195,/resources/guides/migrating-project-resources-what-remember,1,1
1196,/resources/guides/ready-release,24,23
1197,/resources/guides/recruiting-champions-your-project,9,9
1198,/resources/guides/recruiting-student-developers,4,4
1199,/resources/guides/software-development-general-best-practice,77,73
1200,/resources/guides/software-management-plans,241,228
1201,/resources/guides/starting-new-software-project-few-things-consider,90,87
1202,/resources/guides/supporting-open-source-software,2,2
1203,/resources/guides/testing-your-software,8,8
1204,/resources/guides/where-can-i-publish-executable-papers,11,11
1205,/resources/guides/writing-readable-source-code,104,102
1206,/resources/guides/writing-readable-source-code?source=post_page-----ac7afa598c0d----------------------,10,8
1207,/resources/guides/writing-readable-source-code?source=post_page-----ac7afa598c0d----------------------&as_qdr=y15,1,1
1208,/resources/guides/your-project-ending-dont-panic,1,1
1209,/resources/online-sustainability-evaluation,91,73
1210,/resources/publications,41,31
1211,/resources/publications/better-software-better-research,11,11
1212,/resources/top-tips,31,24
1213,/rse-cloud-awardees,7,7
1214,/rse-cloud-computing-award-terms-and-conditions-2017,1,1
1215,/search?q=cache:s4DkVno53qkJ:https://software.ac.uk/resources/guides/developing-maintainable-software+&cd=1&hl=en&ct=clnk&gl=uk,3,3
1216,/software-credit,2,2
1217,/software-credit/committees,1,1
1218,/software-credit/who-is-coming,1,1
1219,/software-management-plans,50,45
1220,/software-sustainability-institute-changing-research-software-attitudes-and-practices,4,3
1221,/speed-blogging-and-tips-writing-speed-blog-post,24,12
1222,/ssisearch?search_api_fulltext_1=,3,1
1223,/ssisearch?search_api_fulltext_1=&page=251,1,1
1224,/ssisearch?search_api_fulltext_1=&page=62,1,1
1225,/ssisearch?search_api_fulltext_1=&page=72,1,1
1226,/ssisearch?search_api_fulltext_1=7+out+of+10+researcher,1,1
1227,/ssisearch?search_api_fulltext_1=allan+reyes,1,1
1228,/ssisearch?search_api_fulltext_1=anaesthesia,1,1
1229,/ssisearch?search_api_fulltext_1=Anaesthesia+,3,1
1230,/ssisearch?search_api_fulltext_1=andrew+stewart,2,1
1231,/ssisearch?search_api_fulltext_1=arno,1,1
1232,/ssisearch?search_api_fulltext_1=azure,4,1
1233,/ssisearch?search_api_fulltext_1=benefitted,2,1
1234,/ssisearch?search_api_fulltext_1=carpentries,2,1
1235,/ssisearch?search_api_fulltext_1=carpentries&page=1,3,1
1236,/ssisearch?search_api_fulltext_1=carpentry,1,1
1237,/ssisearch?search_api_fulltext_1=charter,1,1
1238,"/ssisearch?search_api_fulltext_1=Chue+Hong,+Neil+",1,1
1239,/ssisearch?search_api_fulltext_1=CODA,1,1
1240,/ssisearch?search_api_fulltext_1=CODA\,1,1
1241,/ssisearch?search_api_fulltext_1=code+of+conduct,2,2
1242,/ssisearch?search_api_fulltext_1=community+of+practice,1,1
1243,/ssisearch?search_api_fulltext_1=credit+workshop,3,1
1244,/ssisearch?search_api_fulltext_1=crouch,1,1
1245,/ssisearch?search_api_fulltext_1=docker,2,1
1246,/ssisearch?search_api_fulltext_1=docker&page=1,1,1
1247,/ssisearch?search_api_fulltext_1=docker&page=2,1,1
1248,/ssisearch?search_api_fulltext_1=docker&page=3,1,1
1249,/ssisearch?search_api_fulltext_1=docker&page=4,1,1
1250,/ssisearch?search_api_fulltext_1=docker&page=5,1,1
1251,/ssisearch?search_api_fulltext_1=docker&page=6,1,1
1252,/ssisearch?search_api_fulltext_1=evaluation,4,3
1253,/ssisearch?search_api_fulltext_1=event+organisation+guide,1,1
1254,/ssisearch?search_api_fulltext_1=excel,2,1
1255,/ssisearch?search_api_fulltext_1=fair,1,1
1256,/ssisearch?search_api_fulltext_1=FAIR,3,1
1257,/ssisearch?search_api_fulltext_1=fair+principles,1,1
1258,/ssisearch?search_api_fulltext_1=fellows,1,1
1259,/ssisearch?search_api_fulltext_1=fellows+terms,2,1
1260,/ssisearch?search_api_fulltext_1=fellowship,2,1
1261,/ssisearch?search_api_fulltext_1=focuss,1,1
1262,/ssisearch?search_api_fulltext_1=focussed,2,1
1263,/ssisearch?search_api_fulltext_1=fork,1,1
1264,/ssisearch?search_api_fulltext_1=fork+branch,1,1
1265,/ssisearch?search_api_fulltext_1=fortran,1,1
1266,/ssisearch?search_api_fulltext_1=Frances+Cooper,1,1
1267,/ssisearch?search_api_fulltext_1=funding,1,1
1268,/ssisearch?search_api_fulltext_1=Gergana+Daskalova,1,1
1269,/ssisearch?search_api_fulltext_1=Gillian+Law,1,1
1270,/ssisearch?search_api_fulltext_1=git,1,1
1271,/ssisearch?search_api_fulltext_1=git+branch,1,1
1272,/ssisearch?search_api_fulltext_1=github,6,1
1273,/ssisearch?search_api_fulltext_1=how+to+support+open+source,1,1
1274,/ssisearch?search_api_fulltext_1=https://www.nature.com/articles/d41586-019-02046-0,1,1
1275,/ssisearch?search_api_fulltext_1=investment,1,1
1276,/ssisearch?search_api_fulltext_1=jessica+ward,1,1
1277,/ssisearch?search_api_fulltext_1=jobs,1,1
1278,/ssisearch?search_api_fulltext_1=jon+tenant,1,1
1279,/ssisearch?search_api_fulltext_1=journey,2,2
1280,/ssisearch?search_api_fulltext_1=knit,1,1
1281,/ssisearch?search_api_fulltext_1=laura+james,1,1
1282,/ssisearch?search_api_fulltext_1=Leandro+Liborio,1,1
1283,/ssisearch?search_api_fulltext_1=licence,1,1
1284,/ssisearch?search_api_fulltext_1=licence+workshop,2,1
1285,/ssisearch?search_api_fulltext_1=licences,1,1
1286,/ssisearch?search_api_fulltext_1=licencing+workshop,2,1
1287,/ssisearch?search_api_fulltext_1=licensing,1,1
1288,/ssisearch?search_api_fulltext_1=maintenance,1,1
1289,/ssisearch?search_api_fulltext_1=maintenance&page=1,2,2
1290,/ssisearch?search_api_fulltext_1=manchester,1,1
1291,/ssisearch?search_api_fulltext_1=metadata,1,1
1292,/ssisearch?search_api_fulltext_1=MULTI-LEVEL+HIERARCHY+Tree+STRUCTURE,1,1
1293,/ssisearch?search_api_fulltext_1=MULTI+LEVEL+HIERARCHY,1,1
1294,/ssisearch?search_api_fulltext_1=MULTI+LEVEL+HIERARCHY+Tree,1,1
1295,/ssisearch?search_api_fulltext_1=muon+,3,1
1296,/ssisearch?search_api_fulltext_1=nenadic,1,1
1297,/ssisearch?search_api_fulltext_1=new+systems,1,1
1298,/ssisearch?search_api_fulltext_1=nick+brown,1,1
1299,/ssisearch?search_api_fulltext_1=online+guidance,1,1
1300,/ssisearch?search_api_fulltext_1=open+source,1,1
1301,/ssisearch?search_api_fulltext_1=openaire,3,1
1302,/ssisearch?search_api_fulltext_1=pandas,1,1
1303,/ssisearch?search_api_fulltext_1=PoweMan,2,1
1304,/ssisearch?search_api_fulltext_1=PowerMan,1,1
1305,/ssisearch?search_api_fulltext_1=procedure+for+dealing,1,1
1306,/ssisearch?search_api_fulltext_1=publication,1,1
1307,/ssisearch?search_api_fulltext_1=rachael,2,1
1308,/ssisearch?search_api_fulltext_1=reproducible&page=6,2,2
1309,/ssisearch?search_api_fulltext_1=research+alliance,1,1
1310,/ssisearch?search_api_fulltext_1=research+graph,1,1
1311,/ssisearch?search_api_fulltext_1=research+software+definition+,1,1
1312,/ssisearch?search_api_fulltext_1=rosier,1,1
1313,/ssisearch?search_api_fulltext_1=Rutherford+Appleton+Laboratory,3,1
1314,/ssisearch?search_api_fulltext_1=search+software+engineers,2,1
1315,/ssisearch?search_api_fulltext_1=sheets,1,1
1316,/ssisearch?search_api_fulltext_1=simon,1,1
1317,/ssisearch?search_api_fulltext_1=software,1,1
1318,/ssisearch?search_api_fulltext_1=software+survey,1,1
1319,/ssisearch?search_api_fulltext_1=spreadsheet+api,1,1
1320,/ssisearch?search_api_fulltext_1=spreadsheet+app+goole+api,1,1
1321,/ssisearch?search_api_fulltext_1=state+of+the+nation,1,1
1322,/ssisearch?search_api_fulltext_1=store,1,1
1323,/ssisearch?search_api_fulltext_1=style,3,2
1324,/ssisearch?search_api_fulltext_1=sustainability,11,1
1325,/ssisearch?search_api_fulltext_1=training,1,1
1326,/ssisearch?search_api_fulltext_1=University+of+Edinburgh,1,1
1327,/ssisearch?search_api_fulltext_1=usability,1,1
1328,/ssisearch?search_api_fulltext_1=whpc,1,1
1329,/starting-community-taking-your-software-world,6,6
1330,/subscribe,12,12
1331,/subscribe?mc_cid=35e543e212&mc_eid=3cdcfc5095,2,2
1332,/sustainability-and-preservation-framework,5,5
1333,/tags/agu,3,3
1334,/tags/analysis,6,6
1335,/tags/archaeology,1,1
1336,/tags/archer,1,1
1337,/tags/ask-steve,3,3
1338,/tags/automatic-performance-tuning,3,2
1339,/tags/bioinformatics,2,2
1340,/tags/bitbucket,2,1
1341,/tags/cam-women-tech,1,1
1342,/tags/cambridge,2,1
1343,/tags/camfort,1,1
1344,/tags/carpentries,1,1
1345,/tags/case-studies,4,1
1346,/tags/cerse,2,1
1347,/tags/chaste,2,1
1348,/tags/cias,1,1
1349,/tags/citizen-science,1,1
1350,/tags/code,1,1
1351,/tags/coding-club,1,1
1352,/tags/collaborations-workshop,1,1
1353,/tags/collaborations-workshop-2014-0,2,2
1354,/tags/collaborations-workshop-2016?page=1,1,1
1355,/tags/collaborations-workshop-2017,1,1
1356,/tags/communities-practice,2,2
1357,/tags/cposs,1,1
1358,/tags/cw-2018-speed-blogging-series,1,1
1359,/tags/cw19,1,1
1360,/tags/data-science-doctors,1,1
1361,/tags/day-software-life,1,1
1362,/tags/day-software-life?page=1,1,1
1363,/tags/day-software-life?page=2,2,1
1364,/tags/day-software-life?page=3,1,1
1365,/tags/day-software-life?page=4,1,1
1366,/tags/debugging-software,1,1
1367,/tags/demographics,1,1
1368,/tags/depsy,1,1
1369,/tags/diamond,2,1
1370,/tags/digital-humanities,4,4
1371,/tags/dinosaurs,1,1
1372,/tags/distance,1,1
1373,/tags/docker,1,1
1374,/tags/docker-containers-reproducible-research-workshop,1,1
1375,/tags/edinburgh-carpentry,2,2
1376,/tags/egi,1,1
1377,/tags/elixir,2,1
1378,/tags/epcc,1,1
1379,/tags/event-organising,1,1
1380,/tags/excel,1,1
1381,/tags/fellows,1,1
1382,/tags/fellowship-programme-2019,1,1
1383,/tags/fortran,1,1
1384,/tags/funding,5,5
1385,/tags/gaitsym,7,4
1386,/tags/genome-analysis-centre,2,1
1387,/tags/gui,2,1
1388,/tags/guides,2,1
1389,/tags/hackdays,1,1
1390,/tags/heroes-software-engineering,1,1
1391,/tags/hpc,1,1
1392,/tags/hpc-sig,1,1
1393,/tags/human-centred-design,1,1
1394,/tags/impromdo,1,1
1395,/tags/ipclc,1,1
1396,/tags/jamovi,2,1
1397,/tags/job-adverts,3,3
1398,/tags/jobs,1,1
1399,/tags/jupyter,1,1
1400,/tags/library-carpentry,1,1
1401,/tags/licensing,2,2
1402,/tags/london,1,1
1403,/tags/maps,1,1
1404,/tags/minix,1,1
1405,/tags/mozilla-fellowship-science,1,1
1406,/tags/open-call?page=2,1,1
1407,/tags/open-source,1,1
1408,/tags/opendreamkit,1,1
1409,/tags/pirbright,2,1
1410,/tags/provenance-tool-suite,1,1
1411,/tags/pycon-uk,2,2
1412,/tags/python,2,1
1413,/tags/r,1,1
1414,/tags/r-forwards,1,1
1415,/tags/recipy,1,1
1416,/tags/reprohacks,3,3
1417,/tags/research,2,2
1418,/tags/research-communication,1,1
1419,/tags/research-data-management-forum,11,3
1420,/tags/research-software-engineer-fellowship,5,5
1421,/tags/research-software-engineers,11,9
1422,/tags/rse-cloud-competition,1,1
1423,/tags/rse-community,9,9
1424,/tags/rse-conference,6,5
1425,/tags/skills,1,1
1426,/tags/software-assessment-framework,1,1
1427,/tags/software-citation,4,4
1428,/tags/software-preservation,2,1
1429,/tags/software-research-object,1,1
1430,/tags/software-skills,1,1
1431,/tags/software-sustainability-institute,1,1
1432,/tags/speed-blog-posts-cw17,3,3
1433,/tags/surveys,2,2
1434,/tags/surveys?page=1,3,3
1435,/tags/talks-organised-becky-arnold,1,1
1436,/tags/technical-handover,3,3
1437,/tags/testing,1,1
1438,/tags/texgen,1,1
1439,/tags/tools,2,2
1440,/tags/training,5,3
1441,/tags/ukri,1,1
1442,/tags/university-southampton,2,2
1443,/tags/venice,1,1
1444,/tags/virtual-reality,1,1
1445,/tags/women-hpc,2,2
1446,/tags/wssspe,2,2
1447,/tags/wssspe51-speed-blogposts,11,2
1448,/tags/wssspe61-speed-blog-posts,13,6
1449,/tags/xbox,3,3
1450,/taxonomy/term/2,3,3
1451,/taxonomy/term/2?page=1,1,1
1452,/taxonomy/term/2?page=2,1,1
1453,/taxonomy/term/2?page=3,1,1
1454,/taxonomy/term/2?page=4,1,1
1455,/taxonomy/term/2?page=8,1,1
1456,/taxonomy/term/3,2,2
1457,/taxonomy/term/4,2,2
1458,/The Carpentries Instructor Training 8-9 October 2019 (SSI and University of Manchester),1,1
1459,"/translate_c?depth=1&hl=de&prev=search&rurl=translate.google.com&sl=en&sp=nmt4&u=https://www.software.ac.uk/how-cite-software&xid=17259,15700021,15700043,15700186,15700191,15700256,15700259,15700262,15700265,15700271,15700280,15700283&usg=ALkJrhgrKpaOlohAxaVnX79ISMVcH2sugA",1,1
1460,"/translate_c?depth=1&hl=de&prev=search&rurl=translate.google.com&sl=en&sp=nmt4&u=https://www.software.ac.uk/resources/guides/software-management-plans&xid=17259,15700021,15700186,15700191,15700256,15700259,15700262,15700265,15700271,15700280,15700283&usg=ALkJrhi3dTyOMd_iLvaTnmC-iVlq44ovwA",1,1
1461,"/translate_c?depth=1&hl=de&prev=search&rurl=translate.google.com&sl=en&sp=nmt4&u=https://www.software.ac.uk/software-management-plans&xid=17259,15700021,15700186,15700191,15700256,15700259,15700262,15700265,15700271,15700280,15700283&usg=ALkJrhjmHW9dcXRle8krb2jBgmDcNkVgBQ",3,1
1462,"/translate_c?depth=1&hl=es&prev=search&rurl=translate.google.com&sl=en&sp=nmt4&u=https://www.software.ac.uk/who-do-we-work/apes&xid=17259,15700021,15700186,15700190,15700256,15700259,15700262,15700265,15700271,15700280,15700283&usg=ALkJrhiu7qRjKvQgtZZdk2Gke92yfiILXA",1,1
1463,"/translate_c?depth=1&hl=eu&prev=search&rurl=translate.google.com&sl=en&sp=nmt4&u=https://software.ac.uk/resources/guides/how-create-and-manage-sourceforge-projects&xid=17259,15700022,15700186,15700190,15700256,15700259,15700262,15700265,15700271,15700283&usg=ALkJrhhVjTlqzfL5NckvE_aYLlUgFwGoZw",1,1
1464,"/translate_c?depth=1&hl=fa&nv=1&prev=search&rurl=translate.google.com&sl=en&sp=nmt4&u=https://software.ac.uk/resources/guides/developing-maintainable-software&xid=17259,1500004,15700021,15700186,15700190,15700256,15700259,15700262,15700265,15700271,15700283&usg=ALkJrhiEgqcO2474yNOZuUvTVY-SgCgffQ",1,1
1465,"/translate_c?depth=1&hl=fa&nv=1&prev=search&rurl=translate.google.com&sl=en&sp=nmt4&u=https://www.software.ac.uk/resources/guides-everything/software-evaluation-guide&xid=17259,15700021,15700186,15700190,15700256,15700259,15700262,15700265,15700271,15700280,15700283&usg=ALkJrhgDQqLjM8APZgLbfqExSZeaqf0KkA",1,1
1466,"/translate_c?depth=1&hl=fr&prev=search&rurl=translate.google.com&sl=en&sp=nmt4&u=https://www.software.ac.uk/tags/rse-survey&xid=17259,15700021,15700186,15700190,15700256,15700259,15700262,15700265,15700271,15700283&usg=ALkJrhidZA7J83KBDK3qQEZECGeDPIYJKw",1,1
1467,"/translate_c?depth=1&hl=it&prev=search&rurl=translate.google.com&sl=en&sp=nmt4&u=https://www.software.ac.uk/resources/guides-everything/using-git-shared-folders-and-virtual-machines-3&xid=17259,15700023,15700186,15700191,15700256,15700259,15700262,15700265,15700271,15700280,15700283&usg=ALkJrhgvbluCTQViCyWR-ZMUe91i7Yh6Dw",1,1
1468,"/translate_c?depth=1&hl=ja&prev=search&rurl=translate.google.co.jp&sl=en&sp=nmt4&u=https://www.software.ac.uk/blog/2016-10-06-3d-printing-new-google-phone-news-round-5-august-2013&xid=17259,15700022,15700186,15700191,15700256,15700259,15700262,15700265,15700271,15700283&usg=ALkJrhjzIWf7QGfUepjakUzYQsbRbfep0w",1,1
1469,"/translate_c?depth=1&hl=ja&prev=search&rurl=translate.google.com&sl=en&sp=nmt4&u=https://www.software.ac.uk/who-do-we-work/dmacrys&xid=17259,15700019,15700186,15700190,15700256,15700259,15700262,15700265,15700271,15700280,15700283&usg=ALkJrhgR3XUdmEWrnQqmYZLId2jAHW93Qw",1,1
1470,"/translate_c?depth=1&hl=pl&prev=search&rurl=translate.google.com&sl=en&sp=nmt4&u=https://software.ac.uk/home/cw11/giving-good-lightning-talk&xid=17259,15700021,15700186,15700191,15700256,15700259,15700262,15700265,15700271,15700283&usg=ALkJrhhoXBw80c1-YxDou-nIbYYStGUsmQ",1,1
1471,"/translate_c?depth=1&hl=pt-BR&prev=search&rurl=translate.google.com&sl=en&sp=nmt4&u=https://www.software.ac.uk/mike-croucher&xid=17259,15700022,15700186,15700190,15700256,15700259,15700262,15700265,15700271,15700283&usg=ALkJrhgdZFgoEOirSIRsQw_eoTy3LVKqpQ",1,1
1472,"/translate_c?depth=1&hl=ru&prev=search&rurl=translate.google.com&sl=en&sp=nmt4&u=https://software.ac.uk/blog/2018-07-13-javacard-execution-environment-you-didnt-know-you-were-using&xid=17259,15700021,15700186,15700190,15700256,15700259,15700262,15700265,15700271,15700280,15700283&usg=ALkJrhim9XxUt5t4OXwzYRbikdoGwX4r8Q",1,1
1473,"/translate_c?depth=1&hl=zh-CN&rurl=translate.google.co.uk&sl=en&sp=nmt4&tl=zh-CN&u=https://software.ac.uk/resources/guides/developing-maintainable-software&xid=17259,15700019,15700186,15700191,15700256,15700259,15700262,15700265,15700271,15700280,15700283&usg=ALkJrhiviDMgv0bvEhWQAV22UljTmMc6Kw",1,1
1474,"/translate_c?depth=1&rurl=translate.google.com&sl=en&sp=nmt4&tl=zh-CN&u=https://software.ac.uk/home/cw11/giving-good-lightning-talk&xid=17259,15700023,15700043,15700186,15700190,15700256,15700259,15700262,15700265,15700271,15700283&usg=ALkJrhiPnsIkMG_ACaTKBaKosU0FnI6mtQ",1,1
1475,"/translate_c?depth=1&rurl=translate.google.ru&sl=en&sp=nmt4&tl=vi&u=https://software.ac.uk/blog/2018-07-13-javacard-execution-environment-you-didnt-know-you-were-using&xid=17259,15700019,15700043,15700186,15700191,15700256,15700259,15700262,15700265,15700271,15700283&usg=ALkJrhi6UrIb-6x3Hhl7CaxkSd-R7SlHWg",1,1
1476,/ukri-strategy-recognises-critical-role-software-research,6,3
1477,/user/1,1,1
1478,/user/145,2,2
1479,/user/187,2,1
1480,/user/355,9,8
1481,/user/356,1,1
1482,/user/7,2,2
1483,/user/8,2,2
1484,/user/login,23,17
1485,/using-continuous-integration-build-and-test-your-software,26,25
1486,/videos-lightning-talks,1,1
1487,/web/20160812144826if_/https://www.software.ac.uk/,6,3
1488,/web/20170207021959if_/https://www.software.ac.uk/,6,3
1489,/web/20170613153255if_/https://www.software.ac.uk/,8,4
1490,/web/20170627144722if_/https://www.software.ac.uk/,6,3
1491,/web/20180612171753if_/https://www.software.ac.uk/,8,4
1492,/web/20180620053531if_/https://www.software.ac.uk/,4,2
1493,/web/20180628010615if_/https://software.ac.uk/,4,2
1494,/web/20180710213400if_/https://www.software.ac.uk/,4,2
1495,/web/20190709113931if_/https://www.software.ac.uk/,6,3
1496,/what-do-we-do,15,15
1497,/what-do-we-do/google-summer-of-code/project-idea-template-contributor,2,2
1498,/what-do-we-do/google-summer-of-code/saga-integration-globus-online,2,1
1499,/what-do-we-do/google-summer-of-code/scalable-testing-distributed-applications,4,3
1500,/what-do-we-do/preserving-software,16,10
1501,/what-do-we-do/training,4,4
1502,/what-do-we-do/upcoming-and-past-events,2,2
1503,/which-journals-should-i-publish-my-software,577,400
1504,/who-do-we-work,6,6
1505,/who-do-we-work/aircraft-geometry-and-surrogate-modelling,8,7
1506,/who-do-we-work/apes,9,8
1507,/who-do-we-work/bonej,2,2
1508,/who-do-we-work/brain-research-imaging-centre-edinburgh,10,7
1509,/who-do-we-work/cooling-muons-particle-physics,1,1
1510,/who-do-we-work/distance,10,10
1511,/who-do-we-work/dmacrys,2,2
1512,/who-do-we-work/forest-growth-src,1,1
1513,/who-do-we-work/imperial-college-lower-limb-model,2,2
1514,/who-do-we-work/labbook,10,9
1515,/who-do-we-work/monc,7,7
1516,/who-do-we-work/provenance-tool-suite,5,5
1517,/who-do-we-work/sprint,12,12
1518,/who-do-we-work/textvre,1,1
1519,/who-do-we-work/tpls,1,1
1520,/women-software,1,1
1521,/Workshop on Sustainable Software Sustainability 2019 (WOSSS19) -#WOSSS19,6,6
1522,/workshop-determine-people-behind-research-software,11,11
1523,/wosss19,22,14
1524,/wosss19/agenda,5,4
1525,/wosss19/attending,3,3
1526,/writing-software-sustainability-institute,1,1
